CustomerID,RiskScore,Predicted,Frequency,Monetary,TotalItems,AvgUnitPrice,Tenure,AvgOrderValue,AvgBasketSize,UniqueProducts,SpendTrend
17203,0.52877957,1,-0.53884935,-0.12062591,-0.0665945,0.13093087,-1.5767558,0.40373486,0.54364955,0.08169874,1.172409
12761,0.995059,1,4.2300353,0.09723748,0.20548582,0.0122761205,0.2385892,0.21522915,0.06767866,0.14548093,0.0075811003
17303,0.00639419,0,2.1002398,0.25603107,0.17266776,-0.011937093,-7.738537,0.06812998,0.014305682,0.029490974,-0.021987082
16822,0.7076341,1,0.15391542,0.43158856,0.07907503,-0.054750714,0.5953643,-0.25862598,-0.11585562,0.024199255,-0.05663704
16350,0.047490876,0,-1.4678961,-0.18628061,-0.1013048,-0.048032288,-0.7739793,-0.19631639,-0.1260852,0.02571089,-0.21002865
17971,0.9972988,1,3.9692225,0.7536349,0.467028,0.015119262,0.66149235,-0.07523474,-0.090969466,0.08633711,0.03907549
17826,0.0055554146,0,2.1462364,0.41100192,0.3036451,-0.054259077,-7.8692427,-0.15000686,-0.120463565,0.095366016,-0.035335314
16735,0.04808541,0,-2.2726603,-0.5739836,-0.2630231,-0.1300869,0.4584789,0.042054884,0.10715379,-0.29281846,-0.1462616
14680,0.025739787,0,-3.1516585,-0.53160036,-0.14140806,0.0048865154,0.40064463,0.17551017,0.046448193,-0.3044488,-0.21766244
16670,0.023218457,0,-2.9956229,-0.5761778,-0.2357207,0.08839357,0.39919943,0.020808563,-0.08073482,-0.24553326,-0.19957682
17191,0.09128621,0,-2.058942,-0.28475407,-0.14041398,0.11077953,0.41968644,0.02443319,-0.07407673,-0.20304076,-0.17735091
13687,0.9900682,1,4.3027267,-0.45934668,-0.09697503,-0.071523264,-0.0045846193,0.16906402,0.53843284,0.19118294,-0.052593518
17995,0.07045048,0,-0.29891902,0.0024273773,0.047429748,-0.023560617,-2.0150807,-0.24524203,-0.15286352,0.012345582,0.008023638
16134,0.37075514,0,-0.68298167,-0.22985768,-0.12399178,-0.12699012,0.40020478,0.019243829,0.17158289,0.009016795,-0.05085351
13738,0.9918937,1,4.47256,0.3417521,0.18361112,-0.12783714,-0.51717263,0.25336534,0.24246903,-0.06644422,-0.060969394
15022,0.99728966,1,3.8929925,0.4511543,0.4564323,-0.061547574,0.8632309,0.0412037,0.068965286,0.10131158,0.008559983
13139,0.6556318,1,0.8298173,-0.4998061,-0.25536177,-0.062478457,-0.3770532,0.059321273,0.58188987,-0.09712824,0.37903962
14524,0.12689564,0,-0.99094146,-0.17013173,-0.17890483,0.010753211,-1.0935851,0.025364881,-0.040988155,0.0073793354,0.4167161
17598,0.96366143,1,4.0193453,0.22276314,0.25312054,-0.004804668,-1.66277,0.16763741,0.022029279,0.051096853,0.123793304
16053,0.5204,1,-0.62374645,-0.17862414,-0.10779449,-0.042924732,0.6074768,0.07406656,0.11542273,-0.019182935,0.17130382
17984,0.49062684,0,-0.27724612,-0.0013586194,-0.08739524,-0.031383604,0.6032738,0.06769096,0.09014851,-0.20879269,-0.27808237
14436,0.9965006,1,3.9507267,0.698624,0.1315725,0.055950873,0.7206864,-0.06023888,0.13671497,-0.08661561,0.018582873
17910,0.99640745,1,3.907701,0.40213168,0.40013888,0.048929367,0.589569,0.06399136,0.025945337,0.08381098,0.017434
12505,0.7611563,1,0.48130348,0.020137329,-0.112345934,-0.0382678,-1.0458375,0.17277808,-0.014416851,0.029578457,1.580453
16433,0.9958912,1,4.4961667,0.6544591,0.36314735,0.12903923,-0.3924713,0.015226719,0.03970175,0.0799935,0.01961781
12837,0.99509084,1,3.903663,0.12305718,0.22493373,-0.058257833,0.58447975,0.24395141,0.19622038,0.018465422,-0.01042814
15242,0.99566466,1,4.417382,0.46224454,0.11730175,0.13398875,-0.07298443,0.102346554,0.16455817,0.028237827,-0.0021229922
12946,0.99530387,1,4.318545,0.47696903,0.2157301,0.027772015,-0.03876097,0.11364143,0.07298397,0.08119361,0.0025784655
17978,0.5508638,1,-0.25928712,-0.08723313,-0.10977628,0.03617555,0.7150774,0.034708235,0.0010776973,0.03373935,-0.2459687
17855,0.0094265295,0,2.1324086,0.3971777,0.08725167,0.10229895,-7.7079797,0.06522318,0.14218538,0.06597231,-0.024941599
18026,0.6118315,1,0.66623485,-0.2636299,-0.060498092,-0.18014339,0.16310036,0.11488452,-0.020228647,0.058938682,-0.1092889
14020,0.52243596,1,0.026813177,0.12627481,0.04640381,-0.058293488,0.32635555,-0.21070875,-0.3292016,0.13768512,-0.061172556
16112,0.004159472,0,0.33113068,0.36229247,-0.0023174929,-0.11699418,-6.1019826,-0.06965927,0.18119192,0.06772454,-0.21523543
13134,0.5329305,1,0.43947202,0.07767089,0.36141682,-0.08543573,-0.86908054,0.11815485,0.050468568,0.09089269,-0.13729483
17565,0.9971374,1,4.002082,0.74655974,0.49465555,0.025185246,0.67583936,-0.09840979,-0.21456347,0.14838728,-0.012206966
15206,0.0056660785,0,2.0888288,0.49049497,0.2573288,-0.013517658,-7.8632107,-0.0777041,-0.1371064,0.005387206,-0.003722846
16525,0.033625636,0,-3.0749278,-0.5166043,-0.14555947,0.16922183,0.32264876,0.15919092,-0.010480003,-0.081344284,-0.2660573
15236,0.009439945,0,2.086506,0.25559103,0.105039015,0.13160026,-7.6584215,0.1100038,0.17816202,0.09056112,-0.03800806
16251,0.9968245,1,4.1268673,0.7496068,0.40470582,0.028818963,0.36785027,-0.100640595,0.006129483,0.0417544,0.038357552
12728,0.0881496,0,-0.24728441,0.056418087,-0.16363946,-0.009946836,-1.8620739,-0.028560411,-0.12303569,0.0896727,-0.13363886
15059,0.053233538,0,-2.4410243,-0.36187392,-0.1252823,0.14265749,0.45269075,-0.15458158,-0.051247567,-0.27496213,-0.15039042
14927,0.99330807,1,4.4832473,0.48632815,0.15140124,0.0012231846,-0.5857727,0.1476954,0.161995,0.081372306,-0.012985437
12664,0.60618174,1,0.1215507,-0.17223205,-0.150066,-0.09808555,0.59769493,0.21645008,0.016115645,0.07543683,-0.2612223
15152,0.9962942,1,3.8915884,0.1462817,0.29171416,0.050435267,0.75169253,0.17899358,0.06088626,0.16007753,-0.023165004
14210,0.068064675,0,-2.2462766,-0.52047,-0.22907436,0.015689293,0.6222237,0.029039944,-0.032719024,-0.23277429,-0.10809371
17104,0.99351996,1,4.4458127,0.136853,0.20722249,-0.12022934,-0.15659581,0.25785732,0.08363238,0.09446485,-0.0021333224
15446,0.49365637,0,-0.24224578,0.12452736,0.0646107,-0.0020343298,0.57577795,-0.054514866,-0.35070905,-0.13867612,-0.08775932
18101,0.6756232,1,0.08533574,0.16870591,0.1042564,0.016387621,0.8316568,-0.13699913,-0.13620274,0.041318465,-0.3263772
13136,0.058720194,0,-2.2558532,-0.49496067,-0.18909535,0.10948144,0.4759634,0.01747457,-0.08654621,-0.24146368,-0.19510642
15303,0.5955999,1,-0.2575346,-0.090651035,-0.11975875,-0.009347421,0.86180836,0.010994112,-0.048367508,0.04767804,-0.09330513
16125,0.06264387,0,-2.2633379,-0.5490207,-0.19260138,-0.0070605488,0.39201972,0.04518193,-0.085102215,-0.14452343,0.013197351
15180,0.6668371,1,0.14258114,-0.08961799,-0.09351021,0.08012997,0.553162,0.0069991723,0.12656498,0.06820424,-0.18624704
14550,0.81019396,1,0.76305777,0.21679512,0.069884986,-0.070801064,0.15101638,0.054919764,0.15720122,0.07401218,-0.05046336
16012,0.7581255,1,0.6657259,-0.014768712,-0.041479245,-0.049066406,0.37271756,0.11421361,0.3862681,-0.24768412,-0.12914528
15259,0.5880491,1,-0.24472873,-0.11076151,-0.10887623,-0.1360679,0.8622365,0.0032785728,-0.002593554,0.019500453,-0.011729374
13538,0.34566224,0,-0.9979917,-0.19872236,-0.05805611,-0.0043203398,0.7310765,0.026737573,-0.006214101,-0.08473248,-0.13158622
16365,0.13611327,0,-1.6778177,-0.21306333,-0.038604748,-0.029064119,0.4477777,-0.0435656,-0.3211237,0.06018313,-0.118323214
14204,0.5819567,1,0.11970756,-0.011768837,0.09544013,-0.079896145,0.5967191,-0.00025579226,-0.05653319,-0.28438845,-0.13386105
17019,0.11824067,0,-1.9860077,-0.29894844,-0.17133687,-0.1052108,0.43247733,0.02788196,0.042650573,-0.29225197,0.25589868
13602,0.6716368,1,0.06881815,0.113164656,0.16923182,-0.034780063,0.55368865,0.018517235,-0.0899103,0.119281635,-0.2880623
15646,0.27260053,0,-0.12181005,0.11717802,-0.06644448,0.18351209,-1.1474762,-0.09838565,0.19087943,0.034905385,-0.15947498
17617,0.8481974,1,0.72584236,0.427514,0.08949845,0.0046629324,0.57848823,-0.37926155,-0.015973497,0.12666771,0.07744551
12735,0.0035601282,0,0.32951024,0.043703627,-0.0047410615,-0.065982476,-6.0972743,0.044649113,0.12648012,0.026929878,-0.123312995
12638,0.99731004,1,3.875057,0.73657733,0.47604042,-0.058754247,0.7759491,-0.043858785,-0.053935513,0.122558184,0.0002720547
16631,0.32090226,0,-1.0554649,-0.28207225,-0.12801939,0.01818346,0.775689,-0.0025292817,-0.078015454,0.013497229,-0.09654438
17171,0.8983243,1,0.64902055,0.36063004,0.10704772,0.0008881601,1.0460562,-0.14222108,0.046314623,0.1135158,-0.088157795
12831,0.5873881,1,-0.055415202,0.31020787,0.3048285,-0.020563005,-0.23081037,0.053196557,-0.017184203,0.057595894,-0.1343258
15789,0.21774432,0,-1.0205988,-0.1589556,-0.2153735,-0.003111179,0.4616163,0.007573057,-0.042453803,-0.21840115,-0.17480375
16198,0.9946567,1,4.3267326,0.0997386,0.2024345,-0.031963713,0.013438919,0.32854414,0.11605546,0.09769004,-0.01175854
13053,0.9971704,1,3.9219837,0.7378406,0.41943058,0.029826526,0.67466855,-0.118725054,0.011504534,0.074821144,0.027782017
15445,0.8905787,1,0.60922766,0.44180554,0.48364717,-0.030606827,0.6528325,-0.022798162,-0.053413335,0.031856492,-0.101534225
12347,0.26701012,0,-0.09154252,-0.17986844,-0.12023834,-0.057808056,-1.4124728,0.34886664,0.38117406,0.13487689,-0.09848125
16170,0.063739076,0,-2.1840048,-0.6100125,-0.264163,-0.06759573,0.69519573,0.012293851,0.11518994,-0.29039118,-0.17925817
16788,0.766873,1,0.12069965,0.06799709,-0.05079301,-0.024647398,0.87854517,0.23936422,0.15962498,-0.34121025,0.055509545
12825,0.8677327,1,0.6045843,0.13312483,0.26555398,0.03022185,0.85806286,0.08425954,-0.24923113,0.12340247,-0.054567866
16798,0.6736761,1,-0.21476614,0.009713524,0.27171063,-0.021414598,0.6943458,0.027618002,-0.051852107,-0.104805335,0.028661327
12608,0.9921705,1,4.4478188,0.34548604,-0.089534834,0.17990768,-0.4588435,0.1595829,0.054118954,0.12763771,-0.009817307
13328,0.009133294,0,2.1175144,-0.07586148,-0.024108393,0.14465594,-7.3110695,0.102397166,0.33664027,0.016491344,-0.07896023
16435,0.47378138,0,-0.021857772,-0.021335665,-0.039182235,-0.03481695,0.15184961,0.01757691,0.13673678,-0.24143021,-0.13815938
14861,0.11351688,0,-2.048112,-0.06191688,-0.090619355,-0.08082049,0.5381516,-0.062862635,-0.3072999,0.06865674,-0.096135974
14431,0.5229759,1,-0.33878255,-0.4427753,-0.1339576,-0.03388699,0.7928962,0.15840353,0.14262743,0.048880063,-0.1870849
13023,0.99427503,1,3.990726,0.07125853,0.34610242,-0.16011801,0.46721295,0.17764032,0.07987933,0.051150803,0.04768861
15068,0.75784075,1,0.6195146,0.15062378,-0.116599455,-0.0073081832,0.55642146,0.068099365,0.20850101,-0.18557829,-0.23844473
15617,0.37490386,0,0.002420669,-0.08469933,-0.11125709,-0.02264184,-0.05485819,0.0014894421,-0.013004739,0.060101766,-0.37443513
15765,0.9951297,1,3.8570774,0.34469926,-0.017937094,-0.03918104,0.81423557,0.0845246,0.03599569,0.14204526,0.012611663
17374,0.22195101,0,-0.151502,0.3193429,0.40575013,0.00019686087,-1.5625381,-0.14572841,-0.012088635,0.05514372,-0.24855801
12909,0.53405637,1,-0.3914669,-0.10451891,-0.09613735,-0.10209861,0.86201733,-0.05167322,-0.08512158,0.058939405,-0.03915163
12835,0.024760175,0,-2.9689646,-0.58884335,-0.20216668,-0.032274667,0.34191695,-0.124989435,-0.02324094,-0.18225755,0.02172371
18275,0.8912185,1,0.74699855,0.06683675,-0.017729351,0.119886994,0.83131254,0.10015101,0.15350148,0.09639518,-0.0797539
13632,0.5765194,1,-0.2506156,-0.11023919,-0.081703216,-0.063538015,0.6783238,0.0807785,0.0037389481,0.016412523,-0.05030445
14303,0.6479155,1,0.687331,0.3649107,0.08016624,0.09443879,-0.38558668,-0.1956716,0.003615894,0.03397471,-0.15893759
18166,0.9972487,1,3.9622655,0.7279841,0.45081514,-0.043526523,0.6541686,-0.032691374,-0.04019782,0.12391197,0.0045657167
14461,0.14946856,0,-1.9426343,-0.6302777,-0.21263358,0.069162585,0.61345416,0.23769447,0.113814265,-0.113049835,0.040046476
17588,0.43202224,0,-0.66310394,-0.28173596,-0.15339968,0.030275643,0.7477312,-0.009968952,-0.043952264,0.018125443,-0.0032247405
14437,0.44786125,0,-0.6787594,-0.09437912,0.1248438,0.05652435,0.49691004,-0.014236364,-0.29438472,0.06846874,0.04004894
17271,0.99706537,1,3.9700558,0.6093476,0.41271326,0.032258213,0.57764745,0.0061541293,0.05361803,0.0838083,-0.0029961364
14353,0.5210219,1,0.4186079,0.39240763,0.08939366,0.14836505,-0.8495034,-0.12119909,0.04445743,0.064329036,-0.188369
18127,0.9933473,1,4.5239244,0.6456813,0.37361515,-0.10310535,-0.5878551,0.06519702,-0.076169,0.08226074,-0.0031411126
12894,0.9974323,1,3.9561493,0.7534548,0.50930774,-0.03586601,0.66901207,-0.035259165,-0.026551519,0.060676135,0.025581643
12586,0.5616133,1,-0.27671245,-0.14988318,-0.101242825,-0.065711536,0.8296531,0.2103397,-0.009505568,0.08156981,-0.35644308
12963,0.27626216,0,-0.75048345,-0.25714117,-0.08846031,0.084022775,0.13487498,-0.02242362,-0.007033268,0.013691925,-0.15577444
13263,0.029719925,0,-1.1389313,-0.31634235,-0.19939664,-0.15896432,-1.1395336,-0.0002970838,-0.035874914,-0.33788013,-0.24419528
17516,0.0027704702,0,0.0066661835,0.08760197,-0.10907199,0.0559734,-5.6710653,-0.11932594,-0.066200055,-0.026476743,-0.12971185
14993,0.99817896,1,3.9211574,0.7983703,0.4259028,0.1224691,0.7764043,-0.055252448,0.01075959,0.1804068,0.040655036
14152,0.493731,0,-0.70954406,-0.023496445,-0.121459536,0.0061296765,0.74586153,0.028252041,0.13874236,0.084760614,-0.2599718
14489,0.70058155,1,0.12792557,-0.057640854,-0.10647743,-0.0022004806,0.61073023,0.074188836,0.20178647,0.026164839,-0.11005654
18236,0.44298908,0,-0.66495025,-0.11473391,0.2287649,-0.010571279,0.6118407,0.022763014,-0.12809488,0.073861234,-0.33356765
14627,0.7868367,1,0.12128052,0.21011348,0.012372976,0.05528641,0.70582235,-0.1550751,-0.1097825,0.16540296,0.21489324
17359,0.9978089,1,3.8449764,0.7433748,0.45932618,0.05014466,0.87722915,-0.046446,0.017505556,0.07949803,0.009895805
14037,0.4220082,0,-0.69512886,0.023147168,-0.025354609,-0.046336938,0.6294374,-0.12744142,-0.10861081,-0.037529707,-0.012365035
17886,0.4404043,0,-0.30956015,0.05159124,0.12611045,-0.08680385,0.67187107,-0.18673252,-0.11510001,0.021568459,-0.4981144
18052,0.9887137,1,3.9285207,-0.4725522,-0.095363125,-0.092501916,0.6561919,0.08159719,0.42195895,0.018805597,-0.05949265
15111,0.50582016,1,0.07869146,-0.051225808,-0.13631915,-0.066495754,0.44483656,0.067222,-0.021292668,0.008203407,-0.3859866
14805,0.50743634,1,-0.22404398,0.0032883554,-0.104737185,0.057888955,0.6466353,-0.14971714,-0.12718214,-0.017575214,-0.14045751
17725,0.007053535,0,2.0776453,0.21964498,0.17176065,-0.0039534476,-7.763644,0.09537236,0.13170025,0.06307409,-0.024391418
16527,0.99275255,1,4.4453387,-0.07683144,-0.003642616,0.013149179,-0.08516508,0.14523426,0.35065737,0.08854973,-0.043105196
14454,0.3740376,0,-0.6373803,-0.12598808,0.082401134,0.022892773,0.6451238,-0.15746981,-0.3685866,-0.080226675,0.018651446
14046,0.009473646,0,2.1185958,0.36390805,-0.010678742,-0.08884573,-7.5085297,0.100390956,0.31859508,0.020294309,-0.049101274
17102,0.0071449606,0,2.0665216,0.503181,0.25089592,0.041016176,-7.679593,-0.0643675,-0.1281161,-0.010933934,0.0015725947
15167,0.4923123,0,-0.39765295,-0.15000218,-0.07950711,0.06662013,0.8099893,0.00089757575,0.16359176,-0.39380473,-0.13653329
17514,0.9968612,1,3.8849208,0.46622083,0.21198706,0.021681933,0.80919594,0.111289114,0.079173885,0.08053093,0.010137215
15165,0.0058367085,0,2.0905762,0.026712071,0.14128311,-0.10770262,-7.633601,0.1729839,0.032270405,0.0692726,-0.015175378
17981,0.9958882,1,4.437667,0.5374739,0.15865076,0.16180599,-0.2533754,0.14931333,0.11779224,0.09177002,0.0030174311
16602,0.48527262,0,-0.1622848,0.58656096,0.33792496,-0.011689203,-1.8258041,-0.1607075,-0.05529019,0.022831753,1.1238837
12389,0.7586418,1,0.12968789,-0.05893096,-0.090834856,-0.1346495,0.9072243,0.18602662,0.18314888,0.045695454,-0.10776876
14594,0.006625914,0,2.1147084,0.26180652,0.15462224,0.003756837,-7.763902,0.055029433,0.019420113,0.07657547,-0.017780257
14695,0.6284528,1,-0.23954593,-0.04499455,-0.07714621,0.062173646,0.725064,0.04806437,0.005347026,0.000116903335,-0.039142728
15395,0.00618135,0,2.073132,0.45405912,0.31907558,-0.006439479,-7.805123,-0.07987503,-0.13686024,0.04294087,-0.026573606
15280,0.9027984,1,0.66844034,0.4819509,0.020027913,0.09825287,0.69290394,0.006247446,0.18803956,0.076598495,-0.08939846
15142,0.25626042,0,-0.73786235,-0.19279309,-0.20658657,0.053775735,-0.046918426,0.026475536,-0.0116072325,-0.018732881,-0.016895287
14981,0.90420645,1,0.5617876,0.57955307,0.18117008,0.03510826,-0.6439476,-0.061060965,-0.17074332,0.07792759,1.5994196
16437,0.54019743,1,0.43388334,0.39071834,0.012762126,0.16024294,-0.7157642,-0.027066333,-0.04926408,0.09013116,-0.22015378
15211,0.0063715656,0,2.091578,0.2012758,0.3463709,-0.08210784,-7.8207617,0.04588964,-0.000849635,0.099048145,-0.015605843
16545,0.008020347,0,2.1153407,0.22107708,0.09199493,0.105109334,-7.647514,0.07818293,0.11292126,0.06577732,-0.04625683
16885,0.18525065,0,0.27466878,0.23614234,0.18627343,-0.03298348,-1.927113,0.058388066,-0.03288877,-0.0072595673,-0.3220469
17644,0.16220063,0,-1.9614567,-0.46163514,-0.20919093,0.14130645,0.87696826,0.019606104,-0.046381626,-0.07272823,-0.0140812695
14586,0.008719748,0,2.1060555,0.2708998,-0.045804918,-0.06376657,-7.457145,0.05973904,0.31887412,0.047650445,-0.05555724
16209,0.6662613,1,-0.32063073,-0.22051561,-0.14227235,-0.041524254,0.47881654,0.2737605,0.13546334,0.027739247,0.41483873
14947,0.58274263,1,-0.2817454,-0.053389065,0.15297084,0.020349704,0.65218836,-0.18018709,-0.11439883,0.04064395,0.011961533
16019,0.039886188,0,-2.917818,-0.5725151,-0.2533634,-0.034321323,0.3531518,0.2077415,0.08202583,-0.29716977,0.16559829
13590,0.05308327,0,-2.2464018,-0.5337489,-0.3222329,-0.043715183,0.39915034,0.039225098,0.049660828,-0.48608828,0.17715117
12632,0.6528445,1,-0.25780365,0.025331724,-0.075639635,0.10921834,0.6209844,-0.085417345,0.10140676,0.15917256,-0.051334742
13008,0.5030676,1,-1.0538082,0.17734674,-0.080287494,-0.1094232,0.7528988,-0.052427888,-0.022828726,0.15189376,0.16325858
14824,0.27112314,0,-0.9999736,-0.44363695,-0.1330231,-0.11945498,0.6950052,0.032117967,0.062919796,0.036141142,-0.20467506
16808,0.006698191,0,2.1233797,0.4123276,0.33429366,-0.038607694,-7.8761516,-0.0681381,-4.332862e-06,0.06519051,-0.037134666
15750,0.046101682,0,-2.4575062,-0.5104572,-0.3389593,0.04402644,0.4052823,0.032508887,-0.071088895,-0.39950916,0.18034628
17023,0.62808275,1,0.15269521,-0.083973184,-0.08232976,-0.11683346,0.908146,0.021797787,0.0855884,0.060826294,-0.50756514
17954,0.035388254,0,-2.5872998,-0.32614946,-0.22042729,-0.09182134,0.4474805,-0.19313352,-0.06804085,-0.19370879,-0.15789486
12819,0.9925954,1,4.2475767,0.15955056,-0.093432784,0.00093129236,0.15614617,0.19439055,0.026472088,0.10770129,0.013236221
15405,0.9962275,1,3.9645474,0.46460518,0.21592815,-0.04992024,0.60391545,0.111397825,0.075322226,0.09135765,0.013441334
16794,0.49017185,0,-0.40007642,-0.0015385645,-0.08894552,-0.00530882,0.56066227,-0.097622566,-0.07683263,-0.08228651,0.06698267
15703,0.0060584038,0,2.1413567,0.39070284,0.32068315,-0.01989809,-7.79685,0.034475435,-0.248413,0.061622854,-0.06955806
16136,0.7709224,1,0.1230258,0.27912414,0.039883614,0.019439604,1.0462332,-0.22966176,-0.13582821,0.08216776,-0.09650617
15501,0.45990276,0,0.40436152,0.21934552,0.20472522,-0.004623077,-0.8563921,-0.007375395,-0.027198713,-0.02677166,-0.15245321
13636,0.0029987693,0,0.28266454,0.23566808,0.07152129,-0.0105285905,-6.153152,-0.004395878,-0.10597249,0.01955932,-0.22755872
17099,0.9938095,1,3.9423916,0.18171541,-0.0296024,-0.0045641707,0.57428926,0.19500074,0.069226176,0.06253254,0.0019054011
15260,0.026585096,0,-2.8700738,-0.58046883,-0.26739535,0.13997716,0.3758105,0.035488483,-0.078480616,-0.20653225,-0.23443407
16275,0.84060264,1,0.62845725,-0.18175675,-0.07164981,-0.012026897,0.74488735,0.13810296,0.3689382,0.080253705,-0.11813552
13855,0.6124525,1,-0.3770639,-0.060733736,-0.08216426,0.07616284,0.7209358,0.022595095,0.023223707,0.039263025,0.00976628
13873,0.37931043,0,-1.0278974,-0.032183364,-0.0100448495,0.013006969,0.78371483,-0.26366714,-0.03038399,0.06639514,-0.07706432
15920,0.70706975,1,-0.34777763,0.28445432,0.14151555,-0.011982641,0.62465435,0.04077322,0.012003253,0.11373196,-0.06182586
17648,0.9905844,1,4.2232437,0.32570794,-0.09031944,0.12402793,-0.812066,0.18178594,0.40360218,0.122631036,0.0916672
14607,0.16142575,0,-1.9552741,-0.55748916,-0.22682986,0.057951044,0.44396323,0.04527235,-0.10078382,0.06464663,0.49523786
14346,0.36597285,0,-0.3824772,-0.12710309,-0.15027744,0.09192218,-0.14839914,0.038750425,-0.07321281,-0.011536292,0.12715268
15369,0.08537793,0,-2.1226852,-0.5095536,-0.21439683,-0.025590587,0.44812495,0.014405906,-0.019972265,0.14220953,-0.16961432
17401,0.9973037,1,3.9542046,0.7214804,0.5021322,-0.04390365,0.6582765,-0.073671535,-0.019087404,0.09276863,0.035337266
17706,0.025528861,0,-2.8692715,-0.6112239,-0.25309494,-0.07013147,0.62690014,0.010588428,0.027766412,-0.30282807,-0.28643858
15730,0.28130418,0,-0.13694948,0.1221739,-0.049460705,0.013689692,-0.90379065,-0.029846353,-0.05373016,0.07516479,-0.060900755
13899,0.0064407047,0,2.1036122,0.24168625,0.31237674,-0.0036264164,-7.8612432,0.05612379,-0.010048663,0.058083862,-0.021264216
15073,0.56674147,1,-0.3577595,-0.22150972,-0.108591095,-0.013245125,0.8336191,0.060555343,0.110879935,-0.029230181,-0.09179818
13884,0.24048284,0,-1.5504045,-0.10449241,0.2036682,0.023504114,-0.1260535,0.032848224,-0.09534843,-0.014800208,0.39539585
17003,0.3831873,0,-0.32272902,-0.056834605,-0.10616854,0.13363744,0.4890776,-0.025297716,-0.11795557,-0.03796281,-0.51745677
13369,0.005095806,0,0.32187754,0.17890158,0.099781275,-0.1472594,-6.412204,-0.12137817,-0.14581482,-0.012320284,0.87853855
16308,0.58977556,1,-0.15246141,-0.28136313,0.07043173,-0.19965625,0.57495606,0.12128883,0.439694,-0.11313899,-0.18236119
16883,0.032593798,0,-2.4044046,-0.16552389,-0.011322454,-0.096861504,0.47641262,-0.29714456,-0.11891106,-0.11039844,-0.74799293
16448,0.997718,1,4.2521825,0.71225005,0.43015116,0.10394854,0.30726025,0.0018809148,0.025792409,0.13107958,0.030208994
16711,0.20600279,0,-1.0238457,-0.27903855,-0.1428027,-0.040488273,0.458275,-0.013635158,-0.3349846,0.0686161,-0.12693387
13979,0.104568884,0,-1.8016002,-0.28998354,-0.15262344,-0.0842889,0.46097314,0.010256535,-0.04865152,-0.1737187,-0.15347236
13294,0.99326044,1,3.819392,-0.09623233,-0.048775252,-0.048007637,0.73018366,0.16117737,0.3280537,0.11806292,-0.056498338
14193,0.2204702,0,0.37539986,-0.13351096,-0.092916444,-0.18136099,-1.478688,0.05728898,0.20001481,0.06108666,-0.1558899
13192,0.5083928,1,-0.67802274,-0.21404783,-0.08415089,0.10158567,0.78197956,-0.00344811,0.16912518,-0.00058578094,-0.12450904
17227,0.39611652,0,-1.0629587,-0.1115814,-0.05644615,-0.029161591,0.6748437,0.09522154,0.021559613,0.08634732,-0.12514494
18170,0.4338424,0,-0.67564183,-0.28847578,-0.15006146,-0.00068216835,0.79709893,-0.002734514,-0.060235344,0.025196012,0.0036967194
16226,0.5178139,1,0.430713,0.27803183,-0.13839869,0.16187254,-0.85844666,0.047070067,0.07326881,0.07050306,-0.07897619
16235,0.103009336,0,-1.1520712,-0.13057195,-0.0190271,-0.07280836,-0.42090452,-0.06676807,-0.34148717,0.0011905672,-0.047425862
16870,0.9954686,1,4.224767,0.31586128,0.1746107,-0.042631924,0.24837528,0.19983368,0.07614716,0.11611515,-0.0065432913
15715,0.60007894,1,-0.38699335,0.010958068,0.11077206,0.056912456,0.64953905,-0.129205,-0.08068203,0.09725408,-0.008409557
12989,0.027386546,0,-3.0090563,-0.6074407,-0.3546911,-0.02928167,0.36200416,-0.0027629079,0.062152956,0.11755602,-0.19406356
12845,0.0015739348,0,-0.2967301,0.17154631,0.044112563,-0.13814752,-5.62003,-0.15260044,-0.16252042,0.0794505,-0.4633296
15639,0.6611025,1,-0.23672865,0.13051686,-0.050622717,0.0069553074,0.71056974,0.085706815,-0.068477556,0.06284856,-0.05820582
17218,0.08889554,0,-2.0464902,-0.29600945,-0.15824,-0.06863948,0.6572641,0.015352409,-0.06334911,-0.16940616,-0.28332654
15735,0.99552995,1,4.4164352,0.44004738,0.20193519,0.0067181224,-0.12827474,0.1427259,0.16016906,0.08063054,-0.00014493009
13669,0.99457246,1,4.4317274,0.67351717,0.14440526,0.10932527,-0.3694708,-0.076986365,0.1081681,0.08151424,0.022980675
15742,0.9976815,1,3.937945,0.7777535,0.47078246,0.03673038,0.7179796,-0.05123703,-0.008072431,0.07259566,0.02440285
13936,0.37917677,0,0.39774475,0.10876611,-0.16549517,-0.04165674,-0.91798633,0.07719316,0.056636915,0.049934234,-0.14382899
17195,0.9957579,1,3.8544466,0.16312099,-0.05927339,0.06429592,0.7187915,0.19584022,0.3408474,0.14750879,-0.052789096
17478,0.76125526,1,0.6097096,-0.09827016,-0.09768384,0.007594797,0.74763346,0.04679991,0.031509005,0.039261747,-0.21262877
17336,0.99745077,1,4.2435145,0.7787303,0.39730772,0.11614824,0.29015803,0.05481287,-0.03250765,0.0064100414,0.029175935
15184,0.90870506,1,0.6910651,0.47434846,0.09633672,-0.0050995406,0.96041286,-0.09278039,0.03790422,0.108078316,-0.05799004
17296,0.9961028,1,3.9202266,0.37084883,0.17572545,-0.081303865,0.65750504,0.13403325,0.1744653,0.099094376,0.007349216
14279,0.94751203,1,0.62898916,0.64506364,0.4807456,-0.017551528,1.0240308,0.037441816,0.042389184,0.07271054,-0.10621269
14263,0.9959556,1,4.444683,0.47986203,0.24374014,-0.041078374,-0.14698468,0.13585034,0.20079191,0.112299144,-0.008456311
16190,0.2632346,0,-0.98557997,-0.38356364,-0.13048713,-0.022489388,0.5286916,0.043337,0.043070387,-0.04802881,-0.15982169
15218,0.08941928,0,-2.2052555,-0.68175864,-0.3136414,0.058911353,0.6558029,0.19919917,0.13825534,-0.23739988,-0.020509006
15747,0.32904065,0,-1.0704587,-0.11555466,-0.082237504,-0.111677274,0.703172,-0.0068228585,-0.052987207,0.061792076,-0.123401195
15642,0.99416465,1,3.9761977,0.5969254,0.06461838,-0.23651218,0.5961196,-0.13143262,0.10898099,0.08431041,-0.0068851416
15305,0.99763155,1,3.9559798,0.7437148,0.43952534,-0.029262409,0.70767343,0.053788178,-0.0050032465,0.05660623,0.03447932
14447,0.22412322,0,0.35927898,-0.113463186,-0.08485326,-0.10359676,-1.4622886,0.1517905,0.1241698,0.012948511,-0.21143146
12959,0.9971726,1,4.184468,0.7332745,0.4121069,-0.064854376,0.32254258,0.048829578,0.024122057,0.08707463,0.032375086
15738,0.035537843,0,-3.0801382,-0.5428528,-0.19212002,-0.0313914,0.383707,-0.015658863,0.057664566,0.09885204,-0.06468237
15865,0.8274757,1,0.67222035,-0.080439,-0.081921734,-0.091089465,0.900895,0.1148138,0.22900926,-0.008398101,-0.17289631
17495,0.68344545,1,0.42480022,0.36256668,0.15237607,-0.07464248,-1.3267511,-0.14263478,-0.2134732,0.07604839,1.4257134
14035,0.2556258,0,-1.0401969,-0.27997905,-0.12420777,-0.09909125,0.5500264,-0.01176003,-0.08141049,0.047494728,-0.11535238
13617,0.25087667,0,-0.89299953,0.017490808,0.21307008,-0.04884991,-0.1972969,-0.1989177,-0.124845825,0.12268902,-0.06993055
17901,0.9027375,1,0.6633207,0.82452637,0.3583217,-0.15657169,0.4854174,0.047657344,-0.1795832,0.110987835,-0.011706801
13043,0.006009398,0,2.050575,0.06891693,0.08948917,-0.067475215,-7.6699295,0.20274936,0.075782575,0.07209822,-0.016255347
18267,0.97056466,1,0.69909096,0.41866058,0.1468977,0.08690717,0.9049015,-0.069225505,-0.21363896,0.096637174,1.3398021
15712,0.21015006,0,-1.6193535,-0.36635488,0.029224817,0.011738291,0.4612058,0.025891364,-0.013934147,0.058812752,0.0031006397
12675,0.82573974,1,-0.31646493,-0.0020480535,-0.03828791,0.012080623,0.53891915,0.03614713,-0.044267006,-0.14740148,1.4314041
13076,0.9963266,1,4.244495,0.7379669,0.44722173,-0.051885694,0.17627278,-0.08603688,-0.035788912,0.060637835,0.024436045
14976,0.0033073167,0,0.31991205,0.19284126,0.32520124,-0.052531354,-6.3075676,-0.0913291,-0.044534877,0.060958892,-0.19690035
14545,0.9969217,1,3.848831,0.3643141,0.15731303,-0.010969063,0.81570303,0.140092,0.26207423,0.101764336,0.01553438
17919,0.9947531,1,4.3126254,0.18960997,-0.080055766,0.06394717,0.081593774,0.2776193,0.34652075,0.017132532,-0.049778815
13285,0.63009673,1,0.11733956,-0.07413613,-0.12931915,0.02826925,0.5583211,0.16532578,-0.08516041,-0.002309171,-0.13134715
17626,0.99747545,1,3.9107308,0.508001,0.21322405,0.08752716,0.7479548,0.11354749,0.19731073,0.10087027,0.014372588
14932,0.30701572,0,0.29956225,0.013590347,0.21431562,-0.0055045537,-1.7064087,0.1557201,-0.007928166,0.1000917,0.0368055
12388,0.5488663,1,-0.37315592,-0.20943263,-0.08678711,0.045071572,0.5243171,0.07045308,0.09805421,0.0336928,0.0082301
13543,0.8443896,1,0.6801371,-0.06522511,-0.046050314,-0.035898276,0.95937455,0.089358084,0.09042506,0.056696422,-0.12320774
13508,0.9968348,1,3.8371415,0.7056257,0.16000435,0.03231324,0.7652887,-0.04678742,0.09265507,0.10176426,0.018712334
12423,0.2842628,0,-0.6201695,-0.07722391,-0.113649905,0.019100111,-0.40857226,0.014482839,0.17019728,0.0784781,-0.07170469
13010,0.8495562,1,0.6301151,0.38386163,-0.0718423,0.040427458,0.88287073,-0.117802836,0.017789613,0.11245653,-0.23239979
16691,0.863811,1,0.77176535,0.5131947,0.5234826,-0.077663295,0.62812483,-0.026800195,-0.043295324,0.08869866,-0.61584586
14930,0.252957,0,-0.8979029,-0.60057193,-0.18869281,0.002615211,0.5331621,0.03930738,0.013517834,-0.12621199,0.05622507
12898,0.9085497,1,0.68090624,0.47045246,0.06653616,-0.03885842,0.96623546,0.0040451027,0.0029902838,0.1101353,-0.052037586
15545,0.006522521,0,2.1177878,0.42059684,0.31034607,0.0073925713,-7.891851,-0.09943109,-0.03410571,0.08216105,-0.024491502
12429,0.3119615,0,-0.6826545,-0.49008167,-0.14644358,-0.05025725,0.40432525,0.15112308,-0.04751992,0.122609325,-0.13771346
12987,0.7613116,1,0.13702084,0.03265495,-0.029306563,-0.007621117,0.93479073,0.050844744,-0.041925404,0.049037334,-0.05126023
14087,0.5889393,1,0.10093848,0.13703553,-0.12737846,0.011074625,0.7143899,-0.0488951,-0.024106652,-0.37231198,-0.11681187
17530,0.4692315,0,-0.37764502,0.0012225024,-0.08764979,-0.011994366,0.69760597,-0.008019709,-0.09267074,-0.1920934,-0.13763344
13207,0.9148231,1,0.51654524,0.4618673,0.47726208,0.0029422995,0.8121523,0.0018716968,-0.011624248,0.081832156,-0.054496687
12858,0.94698006,1,0.79753274,0.5589881,0.41963458,-0.058907177,0.9608216,-0.13290532,0.08502185,0.09053116,0.07624451
14071,0.0046687354,0,0.326294,0.17788534,0.23746645,0.087742835,-6.1573553,-0.0134029435,-0.00092473056,0.0725802,-0.17812009
17759,0.88832176,1,0.65960705,0.259632,0.16868877,0.059897896,0.57555234,0.108458444,0.013425466,0.089674994,0.053127456
15905,0.9971199,1,3.9973547,0.7539292,0.47163615,-0.049000304,0.67152685,-0.10898854,-0.0839595,0.07702125,0.03185192
15493,0.40706995,0,-0.6795534,-0.33167344,-0.10546907,0.057223592,0.8067078,0.18396604,-0.016067343,-0.263141,-0.113732435
16888,0.8125165,1,0.11569247,0.23885183,0.108959,0.025347026,0.9317853,0.041770585,-0.0630365,0.05958397,-0.07815702
15842,0.62052095,1,0.002668197,0.12304736,0.29169545,-0.026117792,0.3039932,-0.13216202,-0.0663518,0.111017354,-0.20167787
13104,0.5259035,1,-0.37284857,-0.064817704,-0.10569935,-0.019032108,0.83389443,-0.16900434,-0.12294605,0.10609136,-0.06757901
17094,0.15285617,0,-0.12911874,0.30994833,0.032274667,-0.037766315,-0.90267086,-0.28168848,-0.36371735,0.082391836,-0.50767374
18202,0.0062411646,0,2.08711,0.032180727,0.053851686,-0.07803651,-7.6221557,0.18926892,0.13418625,0.07597613,-0.028354907
17584,0.53962445,1,-0.2302449,-0.44675192,-0.18984912,-0.17095539,0.78855383,0.027493902,0.376858,0.15099831,-0.23291974
16538,0.66589147,1,0.10640753,0.1657725,0.040101744,0.09695577,0.5610169,-0.18310206,-0.13878277,0.064265266,-0.10862193
13091,0.8071594,1,0.18926805,0.6229711,0.25106993,0.08701955,0.6140022,-0.24445611,-0.26787537,0.03346534,0.06054415
17688,0.7730776,1,0.40277827,0.39390612,0.33318636,-0.030238593,-1.4194502,0.053228762,-0.11995568,0.06490703,1.4617616
13705,0.47536147,0,-0.36838716,-0.14609444,-0.13722807,-0.022250913,0.63168246,0.0015829691,-0.07171103,0.021616537,-0.093492396
17490,0.8185974,1,0.63221943,0.07639205,0.07835092,-0.021742439,0.62122613,0.05899843,0.14315215,0.056845926,-0.22421755
15295,0.996865,1,3.8682282,0.64219993,0.23740815,0.033503555,0.7716348,0.032871943,0.04333944,0.03914849,0.008017202
18090,0.996454,1,4.402196,0.48360804,0.32361102,0.17971095,-0.03981325,0.093111075,0.040799305,0.08998248,-0.020466791
12798,0.99301296,1,4.4417562,-0.11076325,-0.2922447,0.14789683,0.030868998,0.2451412,0.4431564,0.06147166,-0.09624653
16418,0.47092336,0,0.45000497,0.25735748,0.29833856,-0.055263292,-0.8092035,0.03355677,0.011226482,-0.0082171215,-0.379886
18037,0.27546188,0,-1.854093,0.67896205,0.3012436,-0.004893824,0.33078656,-0.13914225,-0.2625518,-0.022091012,-0.08095331
15868,0.99784505,1,4.005144,0.76143795,0.44629535,0.064724945,0.6921537,0.054463696,-0.071288705,0.06907767,0.03017729
15647,0.9958609,1,4.400416,0.66565573,0.22542499,0.15914777,-0.108505644,-0.10795651,0.04537535,0.1116109,0.0063045416
15287,0.69233805,1,0.17716531,0.2991728,-0.06641216,0.18669578,0.780352,-0.15833585,0.10142443,0.113929585,-0.7085676
16200,0.099550284,0,-1.9840862,-0.5591729,-0.20438349,0.043330293,0.44841444,0.17523655,0.16458213,-0.38377747,0.011976026
12555,0.99687564,1,3.9331872,0.8096316,0.3895382,-0.104293525,0.8936986,-0.081113696,-0.11507475,-0.064766556,0.018941622
15367,0.09210313,0,-1.7936387,-0.58200854,-0.2186635,0.019539323,0.5172526,0.1157488,0.008845169,-0.21282835,-0.22811833
15478,0.99527824,1,3.9241607,0.14772333,0.16010046,0.039230425,0.58116305,0.24062842,0.07451138,0.11210308,-0.014420014
17390,0.994921,1,4.445628,0.69544196,0.33681557,-0.07043102,-0.27579367,0.054197907,-0.07081083,0.06685416,0.010017818
16383,0.31791317,0,-0.962644,-0.32266507,-0.12441818,-0.108086534,0.7391742,0.038632024,0.10777496,-0.25627747,0.039483212
17332,0.5291211,1,-0.36212212,-0.093111135,-0.089865625,-0.10391807,0.85085535,-0.11073923,0.008279122,0.0030595092,-0.0714698
15363,0.7572632,1,0.7526251,0.085573874,0.07086602,-0.09913929,0.12624823,0.07924683,0.15191387,0.086406745,-0.20165642
14173,0.7583862,1,0.14443202,0.5556817,0.3287698,-0.08755439,0.6381493,-0.16176786,-0.23712823,0.08118289,-0.20356177
14400,0.7834434,1,0.17338957,-0.066288024,-0.07133832,0.08014436,0.7126999,0.1026914,0.324531,0.06864763,-0.12427941
14882,0.10678941,0,-2.0109596,-0.38921973,-0.15610936,0.011882342,0.48069754,0.014977703,-0.08706666,0.12068239,-0.19449586
17146,0.15911035,0,-2.021034,-0.5384935,-0.22972621,0.04374971,0.7144132,0.05249163,-0.055357844,-0.17082652,0.45427242
16648,0.82928985,1,0.6239292,0.33077136,0.08216033,-0.0062786355,0.5747881,-0.07296806,0.011999412,0.08204459,-0.13149232
17358,0.2819083,0,-0.4342137,-0.024969138,-0.15294081,0.02655096,0.84470916,-0.103723206,-0.112556174,-0.20263834,-0.8608824
16007,0.7116299,1,0.09954249,-0.012356428,-0.06966967,0.10232412,0.5520889,0.26466146,0.48161203,-0.343132,-0.2574055
14425,0.5623225,1,-0.3467299,0.008510537,-0.03640336,0.06495748,0.69100565,-0.08646714,-0.17312802,0.072519556,-0.0293196
13392,0.9976694,1,3.8991702,0.7418497,0.43486854,0.012364749,0.80343753,0.004610255,-0.10313369,0.16346812,0.017017355
15413,0.44328368,0,-0.35542217,-0.5041254,-0.20419514,-0.018988645,0.58941,-0.057856604,0.21410333,0.08776111,-0.064180575
14936,0.21882848,0,-0.6612453,-0.6012432,-0.27182266,-0.103984974,0.4621588,0.080239296,0.19206874,-0.2890739,-0.16525172
15944,0.5282581,1,-0.28968033,-0.2137259,-0.092526,-0.10675012,0.5790877,0.24272233,0.107703544,0.059302203,-0.25862905
15188,0.9967475,1,3.9208715,0.4484725,0.17618865,-0.059915867,0.6609005,0.1358414,0.24395275,0.106167406,0.006947803
18145,0.07057157,0,-1.8260138,-0.5286214,-0.31409627,-0.028021224,0.46280915,0.04386968,-0.045963254,-0.2605758,-0.16697963
14415,0.056551684,0,-2.440762,-0.6917295,-0.25286627,0.19094215,0.56646407,0.11453145,0.07133989,-0.29729977,-0.16065614
14012,0.006134742,0,2.0977678,0.22756502,0.1612876,-0.027433742,-7.76213,0.074663736,0.02479254,0.052960526,-0.022752957
15879,0.55707175,1,-0.2815418,-0.046337616,-0.07065529,0.0883207,0.832074,-0.0029473559,0.0019671726,-0.19222704,-0.1850147
16234,0.62466043,1,-0.24175178,0.33630204,0.10597426,0.03687819,0.5466529,-0.10464468,0.0077500953,0.0685382,-0.33197048
13342,0.9972932,1,3.9431176,0.88509893,0.38781178,-0.03590577,0.6686831,-0.051491957,-0.11963258,0.09109836,0.05486591
13943,0.9970471,1,3.9873755,0.50757873,0.44068864,-0.027747462,0.64396614,0.048209097,0.030011645,0.09188691,0.014381079
16408,0.9971609,1,3.964489,0.5643041,0.1593266,0.07812338,0.62669694,0.107761666,0.19235198,0.07276635,0.0099457875
18196,0.6828361,1,0.0969165,0.017791662,-0.09152583,6.4680353e-06,0.68768466,0.16110532,-0.039927762,-0.1573409,0.006478171
12751,0.996161,1,4.281813,0.43707338,0.19088401,0.09826856,0.14840473,0.10682297,0.18340927,0.01417933,0.01220977
18054,0.99221003,1,4.478495,0.67274606,0.3769987,-0.022337012,-0.7886858,-0.026503978,-0.009553782,0.08918914,-0.008889954
17463,0.51080287,1,-0.28481528,-0.016654989,-0.1187817,-0.084008604,0.51800454,0.09055174,0.15372336,-0.19148149,-0.108967446
15023,0.07207908,0,-2.1398952,-0.70844436,-0.27733016,0.0267088,0.6839436,0.18114519,0.11016244,-0.26972625,-0.24739707
15936,0.7405579,1,0.68222,0.40969855,0.10016604,-0.0138394,0.01082216,-0.12191637,-0.0030854088,0.027840193,-0.12868339
16394,0.008135356,0,2.097754,0.24772242,0.0021788361,0.10089252,-7.5872116,0.06823574,0.10375989,0.10378243,-0.02612696
17820,0.008906761,0,0.34079924,0.3246175,0.27926913,0.036014497,-6.6200113,-0.05146837,-0.092509374,0.045163948,0.940476
16269,0.9452931,1,0.80877256,0.103387006,-0.02952645,0.16024207,-0.077190965,0.10917392,0.040992096,0.034094077,1.6139152
13948,0.6254705,1,-0.33954307,0.16308405,0.08622698,-0.0031843716,0.70850295,-0.15439425,-0.064403184,0.04555953,-0.014663361
16276,0.81633455,1,0.6306693,-0.16976866,-0.068383075,0.021147987,0.7064886,0.1374978,0.28530604,-0.012889695,-0.12400823
13024,0.7136647,1,0.10554633,0.109718144,0.21290384,-0.071761765,0.5659293,-0.06341819,-0.08595484,0.09660405,-0.041964922
15117,0.7342008,1,0.16257538,-0.061481267,-0.08131092,0.08219348,0.69140035,-0.002669236,0.23821735,0.05647004,-0.15500222
15611,0.17521091,0,-2.1749346,-0.16954036,0.23180372,0.0743105,0.74793386,-0.09145024,-0.24040058,0.0025653036,-0.015074491
17825,0.5741213,1,-0.238834,0.018240664,-0.058914762,-0.0124457795,0.7010259,-0.1235612,-0.06763467,0.048255473,-0.053093366
17085,0.021419859,0,-2.997802,-0.5947612,-0.34851828,0.035053223,0.41168344,0.017244682,-0.028995272,-0.22722909,-0.17410862
13958,0.073322915,0,-2.0294046,-0.55959034,-0.23088047,0.033013318,0.45384324,0.0394549,0.059563193,-0.17734444,-0.21103708
13691,0.9949196,1,4.469118,0.6552039,0.24319465,0.1385482,-0.5127114,0.08743135,0.07625058,0.02933503,0.0052547576
13057,0.59214026,1,-0.2819065,0.15456878,-0.11887406,0.09360488,0.76574665,-0.10002791,-0.084514126,0.048009455,-0.18943524
14663,0.5244445,1,0.45968962,0.106142655,0.069027804,0.16384685,-0.756762,0.00047382317,0.14572354,0.017096007,-0.19303003
15378,0.8237351,1,0.6715835,0.51975465,0.18133749,0.13938807,0.29127112,-0.12976824,-0.26449087,0.15419209,-0.10705459
14159,0.07727271,0,-2.0843475,-0.32295862,-0.21120332,-0.08549438,0.42083615,0.020238584,0.1358835,-0.18517317,-0.25342467
12645,0.42218602,0,-0.7191036,-0.25511375,-0.12259739,-0.032727156,0.68491113,0.016172674,0.12615588,0.031250916,-0.12840298
13462,0.5733867,1,-0.22193706,-0.08275412,-0.078957155,-0.012498453,0.7039849,0.0012358164,-0.0063148667,0.022676868,-0.11540149
13813,0.32088915,0,-1.0324061,-0.11966902,-0.10541491,0.11472402,0.62163335,-0.14856985,-0.084192984,0.04993351,-0.13137467
14314,0.8892589,1,0.49438477,0.7667175,0.27116695,0.027491126,-0.6895697,-0.09035364,-0.14427085,-0.011020279,1.3729993
15956,0.87085867,1,0.70680404,0.08520537,0.2502989,0.042022787,0.69414014,0.17004402,0.024201395,0.09549062,-0.24528268
14508,0.53711814,1,-0.2067607,0.15907899,0.12404296,0.016319897,0.48636815,-0.16031313,-0.11343791,-0.08130104,-0.16089913
18000,0.9979278,1,3.9533021,0.7589184,0.4716237,0.123870745,0.7406015,-0.12715344,0.004208225,0.14264117,0.023434468
14165,0.006363628,0,2.1162157,0.41884047,0.32885507,0.027643314,-7.859521,-0.08946601,-0.10858524,0.04397218,-0.014372664
13630,0.007312858,0,0.35966745,0.21925801,0.13396752,0.0141253965,-6.5211406,-0.034559935,-0.24006684,0.0058671297,1.0664511
14821,0.25753248,0,-1.0049002,-0.07562288,-0.12734011,0.10950054,0.6954365,-0.09514113,-0.39479524,0.05836007,-0.3099789
17261,0.9966204,1,4.1848617,0.57550025,0.41821158,-0.037777167,0.33577433,0.023127096,-0.009928076,0.08189361,0.029328762
12932,0.41491973,0,-1.0891347,-0.23401113,-0.10941644,-0.061859585,0.6784866,0.0020346877,0.13356669,0.042401828,0.20862
16665,0.005264167,0,2.083022,0.4144655,0.3374192,-0.042315356,-7.918541,-0.09932492,-0.09567114,0.016473101,-0.022727182
16242,0.08275914,0,-1.8997066,-0.63413966,-0.20494092,0.082522,0.6753265,0.031080214,0.047047284,-0.40344316,-0.18482974
14977,0.9966137,1,3.9306211,0.755032,0.31215996,0.075932935,0.5750527,-0.111218475,-0.14169869,0.1697196,0.033360183
12853,0.30456448,0,-1.5959115,-0.2184562,0.021997457,0.035973642,0.73320234,0.004410657,0.054334585,0.03272154,0.020424163
15684,0.6639832,1,-0.6347697,0.69208694,0.24585168,-0.03741229,0.525724,-0.12873356,-0.22084287,0.12108077,0.032463133
17950,0.16822086,0,-1.0226383,-0.033181455,-0.08473967,-0.12573476,0.68661606,-0.09116471,-0.4208429,-0.28624228,-0.30600998
17419,0.083652966,0,-1.9972037,-0.4392871,-0.20894986,-0.019892924,0.6600621,0.030938087,-0.08559855,-0.23536086,-0.18407467
17812,0.39312,0,-0.30404884,0.16412924,0.06644528,-0.050249897,0.4266086,-0.1464307,-0.18519495,0.022045968,-0.5131691
14994,0.18145119,0,-1.0123192,0.0049458933,-0.08004215,-0.06451794,0.45404488,-0.08026974,-0.32305682,-0.354163,-0.13681622
14373,0.0071677007,0,2.0753133,0.45023054,0.2507305,0.044873968,-7.720502,-0.026080571,-0.12698297,0.0664601,-0.03066606
13739,0.9975193,1,3.9791026,0.773146,0.40639943,0.017918775,0.57055426,0.0053867465,0.023562292,0.09691398,0.03810004
16369,0.5463401,1,-0.25884748,-0.15028791,-0.082573436,-0.026689617,0.66933453,-0.005250148,-0.02509591,0.041528296,-0.06187261
18246,0.99711764,1,3.960479,0.77884656,0.49018103,-0.0047062337,0.79763716,-0.13045666,-0.04812946,-0.09893074,0.01567379
13097,0.01638484,0,-3.0321205,-0.65265757,-0.28495666,-0.009865148,0.3201906,-0.0071636066,-0.07399793,-0.25145775,-0.18849757
16395,0.07041139,0,-2.3101368,-0.28313956,-0.17822759,-0.004438914,0.44967866,-0.11793543,-0.1118854,-0.12465665,0.014704555
15486,0.9977894,1,4.0473633,0.8022613,0.45242742,-0.01409149,0.5905951,0.09333246,0.038796175,-0.018068869,0.03400092
13992,0.88538057,1,0.7433163,0.7839547,0.4366004,-0.041779123,0.095277876,0.0021800606,-0.0015561049,0.10035116,-0.15959327
18171,0.5459137,1,-0.37477568,-0.14544898,-0.1296919,-0.051897854,0.8353057,0.0033695488,-0.04925492,0.011642559,-0.00072287605
15157,0.7171648,1,-0.16228122,-0.09899718,-0.19670671,0.051734596,0.6315978,0.28383324,0.38359332,0.11896225,-0.16694312
16601,0.73700553,1,0.75724375,0.23652223,0.18634263,-0.08087103,0.4978757,0.09232795,-0.03518805,0.066365816,-0.775805
12777,0.9943522,1,4.2387156,0.17269036,-0.07919681,0.0049272445,0.23145589,0.20798741,0.2959308,0.010738315,0.0019295857
13849,0.4810467,0,-0.32531875,-0.09801548,-0.10388921,0.031760585,0.5633493,0.20714527,0.08675499,-0.14511116,-0.3781732
16261,0.7373316,1,0.7189971,0.47032475,0.09287419,0.093982816,-0.24120371,-0.10107536,-0.09017611,0.06505862,-0.06228457
14078,0.40543768,0,-0.35105416,-0.085954204,-0.07405786,-0.0033013672,0.56876206,-0.14849824,-0.35853127,0.0044398657,-0.02031116
13727,0.505472,1,-1.0093085,0.014294884,0.15545249,0.079631306,0.62116003,-0.16553687,0.006480325,0.057156134,0.17691053
17955,0.82716787,1,0.7256675,0.15738969,0.08561699,-0.029186536,0.8057816,-0.107503176,0.1470829,-0.22757182,-0.07723814
14092,0.07360667,0,-2.1924036,-0.56202656,-0.21466896,0.22736168,0.5956867,0.018365292,-0.084926225,-0.2462236,-0.15937759
14010,0.936359,1,0.10252677,0.40625668,0.17009924,0.052548178,0.6133357,0.016983833,-0.059996024,0.04333746,1.2580013
16450,0.75577635,1,0.16423503,-0.11291254,-0.15095372,-0.045966268,0.7283304,0.13906994,0.0073917573,0.09659758,0.21822116
16728,0.007778104,0,2.1137507,0.32621887,0.15935755,0.08685214,-7.664324,0.054190595,0.014188318,-0.00021739397,-0.02429554
17863,0.25883055,0,-1.0777919,-0.37745047,-0.22534443,-0.027622793,0.7307106,0.06768196,-0.082650736,-0.025504846,-0.119732015
16972,0.74008566,1,0.7313763,0.10393274,0.2432219,-0.040062796,-0.07421797,0.19268927,-0.0775089,0.0037727808,-0.12243721
13292,0.5040609,1,-0.39362285,0.015136041,0.256375,-0.020704443,0.28243434,-0.17676389,-0.0659123,0.062523685,-0.02886979
17645,0.99560994,1,3.900316,0.7537391,0.34820896,-0.07631919,0.48110884,-0.0566444,-0.1308958,0.06822622,0.050620057
17686,0.4506406,0,0.097363845,-0.5101475,-0.10648245,-0.07490021,0.48237488,-0.110639416,0.25457236,-0.28043935,-0.035433475
13838,0.13306925,0,-1.0537769,-0.059932027,-0.044222206,-0.013909576,0.32294858,-0.036041327,-0.10006488,-0.3742961,-0.6004436
17751,0.9960873,1,4.384734,0.6903677,0.1500539,0.16682091,-0.07846663,-0.092597604,0.0836287,0.13541688,0.014002952
17392,0.31513748,0,-0.10323286,0.14226635,-0.08651264,-0.056808524,-0.37471202,-0.11630075,-0.0094524985,0.027563237,-0.2846678
15137,0.5680624,1,-0.3864188,0.01605591,-0.07884104,0.004810825,0.64018816,0.055732742,-0.07459463,0.0721399,-0.060770914
17711,0.0074349325,0,2.1131585,0.32779974,0.3265449,-0.020872902,-7.817049,0.042727772,0.024070147,0.044166733,-0.020295871
13848,0.36089757,0,-0.9920818,-0.34311602,0.06971133,-0.19319683,0.5376877,0.065301836,0.41590548,-0.020850463,-0.19647995
13128,0.99583024,1,3.8889775,0.4927023,0.38961703,-0.039662834,0.8279053,-0.050928626,0.029207118,-0.1585974,0.01083665
14060,0.0726993,0,-2.384185,-0.48722968,-0.22469464,0.03620265,0.6020991,0.011183365,0.020497583,0.14954093,-0.35500866
14014,0.77982247,1,0.7688201,-0.119222835,-0.048148923,-0.2482943,0.5276595,0.18296275,0.3877308,0.103783414,-0.3763065
13036,0.9969171,1,3.8958838,0.5031942,0.3995494,-0.06518036,0.8639315,0.032009993,-0.008814445,0.080966435,-0.00837671
14810,0.074494325,0,-1.1700151,-0.093630135,0.020894367,-0.09174571,-0.8820533,0.034544814,-0.347062,0.036347833,-0.11254762
12730,0.99476826,1,4.0406866,0.089689925,0.2029884,-0.07111149,0.4947761,0.16804576,0.15655594,0.07087538,0.009605829
13654,0.4972453,0,-0.6855917,-0.44520348,-0.1946776,-0.020303091,0.47211677,0.20670377,0.44515347,-0.22214901,0.3472842
13063,0.9980343,1,4.2612653,0.71155214,0.44219697,0.12950249,0.38681424,0.00060831546,0.06104007,0.11292172,0.038413104
15231,0.96237963,1,0.6809347,0.46157333,0.078592665,0.07411091,0.62307334,-0.14823359,-0.062654965,0.109510526,1.339307
18144,0.1655279,0,-1.9339002,-0.3597011,-0.14011247,-0.0036077495,0.6440942,0.029828787,-0.058282558,0.073689245,0.044684317
17931,0.06595599,0,-2.1807346,-0.34635106,-0.15010528,-0.17445871,0.84279585,-0.0450459,-0.08888525,-0.42049775,-0.17290165
16853,0.9963309,1,3.9144964,0.7574241,0.34374672,-0.02884591,0.59434664,-0.039736893,-0.12970488,0.060481593,0.046285644
13571,0.059362385,0,-2.2590415,-0.32007015,-0.10864543,-0.078515686,0.41301998,-0.104260676,-0.07207008,-0.16542053,-0.1535425
16220,0.995994,1,3.9122522,0.7684803,0.31837428,-0.0052924645,0.50910676,-0.056682866,-0.13991396,0.07126185,0.05270166
15965,0.07715086,0,-1.9796336,-0.15104139,-0.01368227,-0.11531501,0.39969057,-0.15580334,-0.12632813,-0.21361761,-0.21162194
15468,0.61481863,1,-0.073497504,-0.11171239,-0.13339484,-0.05585375,-1.3459817,0.0663098,0.43064284,0.023927433,1.5815254
13417,0.46771052,0,-0.42138985,-0.11941527,-0.05333292,-0.00053864165,0.83177114,-0.1528966,-0.36489522,0.02564942,0.04006177
14649,0.41777208,0,-0.935646,-0.12219973,-0.10630098,0.1534692,0.74120474,0.0027213064,0.12626694,-0.28166586,0.004576428
13286,0.99214244,1,3.9417193,0.04116253,0.23762305,-0.10922044,0.52682304,0.12094631,-0.05257062,0.07040707,-0.024151003
14565,0.73248124,1,0.76094055,-0.14463907,-0.14516054,-0.08041488,-0.003174733,0.24160245,0.45376405,0.018414007,-0.17973183
17510,0.9968566,1,4.4083886,0.64163214,0.17512584,0.17649132,-0.088785805,0.057754286,0.18798114,0.105790526,0.009281093
16288,0.9957848,1,4.196838,0.7587316,0.3930706,-0.14594485,0.20684981,-0.11037528,-0.0050550727,0.060686436,0.024405694
18174,0.99827766,1,3.928793,0.8019685,0.43101475,0.12543942,0.8576018,0.009090797,0.020100612,0.064589635,0.038078293
13770,0.5106356,1,-0.26608217,-0.075897805,-0.12707654,-0.009448039,0.68215895,-0.17341442,-0.037754074,0.05781083,-0.09339627
13798,0.037117183,0,-3.022975,-0.6150076,-0.16309603,-0.075210676,0.37538877,0.28385207,0.35818464,-0.2862055,-0.1964307
16345,0.990226,1,4.1963115,0.07102305,-0.079356104,-0.14398183,0.21813382,0.22239889,0.014712502,0.036434967,-0.0031230384
13472,0.8338342,1,0.6562232,0.1699274,-0.045973666,-0.09397135,0.6651941,0.094891556,-0.004627719,0.11347468,-0.027738169
15670,0.79255766,1,0.101055294,0.4310973,0.28492677,-0.06621398,0.60569686,-0.10607193,-9.1418624e-05,0.058288384,-0.053924125
12914,0.9929745,1,4.4458246,0.56675047,-0.027554,0.09199197,-0.49841017,0.09947543,0.070756614,0.118404016,-0.0017217599
14669,0.36924866,0,-0.6308365,-0.34434098,-0.15583417,-0.027836228,0.5897188,0.1829294,-0.07205199,-0.17841318,0.015575068
16127,0.9957766,1,3.9656496,0.66032314,0.40206847,-0.016501756,0.5597135,0.015698599,-0.27614138,0.08124525,-0.014828235
13561,0.16248839,0,-1.7843859,-0.111568786,-0.11458937,-0.10545187,0.6851458,-0.13899253,-0.040680457,-0.122935586,0.007981269
13729,0.62803274,1,-0.35212287,0.028470457,0.14822054,0.013094787,0.8540233,-0.085913435,-0.056234922,0.057005107,-0.16840455
15651,0.6977918,1,0.11077029,-0.07368534,-0.08798096,0.13480578,0.5611934,0.010269396,0.13114575,0.07129519,-0.10665678
16611,0.52405757,1,-0.36200494,-0.25897512,-0.1302366,0.047827408,0.7796154,0.012187972,0.05980591,0.014009653,-0.15157345
17752,0.0061201993,0,2.1298523,0.42349586,-0.0042982865,-0.10082835,-7.6278763,-0.059322763,0.12393871,-0.044997443,-0.015635831
17907,0.9957541,1,3.8377786,0.43598193,-0.115691535,0.13726313,0.72744703,0.07405823,0.2731754,0.036253113,-0.034352038
15547,0.036046572,0,-2.5113957,-0.6701717,-0.3013457,-0.08571645,0.4384173,-0.00028911087,0.12830548,-0.19572082,-0.17396276
16447,0.91038543,1,0.6462043,0.12303136,0.45176685,-0.024360975,0.9982096,0.007570401,0.0014772936,0.09246598,-0.06366291
15366,0.4228852,0,-0.6976054,-0.25308627,-0.17656335,-0.018122796,0.72134006,0.016195074,-0.013248665,0.040988173,-0.016485298
16860,0.64982504,1,-0.26477328,-0.18246894,-0.0950051,-0.068549074,0.97045547,0.1506122,0.015233506,0.020180322,-0.013062951
15876,0.6734541,1,0.7606935,-0.1570255,-0.11352911,-0.11511324,-0.0067913122,0.1708194,0.1916834,0.010078469,-0.10261417
16935,0.31152746,0,-0.10461009,0.09879902,0.10149348,0.15099835,-0.81753594,-0.11310701,-0.11625708,-0.00852309,-0.06989389
14940,0.8972604,1,0.73081464,0.2178491,0.06641293,0.07533145,0.776658,0.0123198675,0.15464754,0.13604377,-0.0885773
13594,0.93351597,1,0.75483096,0.67851347,0.37562796,-0.07644623,0.9805851,-0.11261619,-0.16464865,0.123677574,-0.003177303
14463,0.99456453,1,4.179167,0.48428926,0.40252674,-0.08030245,0.333119,-0.0573299,-0.0038145073,-0.16658607,0.03264346
14711,0.0067544132,0,2.1276371,0.39637506,0.33071277,-0.011340517,-7.848287,-0.025502132,-0.08240617,0.064934626,-0.028551256
14480,0.5696805,1,-0.2518236,-0.108241186,-0.09160415,-0.05238108,0.854938,0.025906827,-0.08110651,0.060575545,-0.16136445
16805,0.69733024,1,0.10954428,0.042623043,-0.06472047,0.03849164,0.67535317,0.06552422,-0.013419135,-0.15515113,0.050723244
15499,0.9975126,1,3.906042,0.7172269,0.46047643,0.03798584,0.8050898,-0.061726563,-0.049828842,0.086868346,0.006247036
14442,0.109983146,0,-1.7602041,-0.5957104,-0.18515125,0.0005251277,0.6292883,0.15654379,-0.030693872,-0.2833532,-0.107805885
15154,0.76398826,1,0.7420126,4.2351778e-05,0.23880644,-0.05920256,0.11642469,0.29751855,-0.005942923,-0.0967468,-0.1438893
12471,0.020981703,0,-3.1157591,-0.4995956,-0.19724919,0.11267087,0.3236143,-0.0008739446,-0.026487295,-0.25106245,-0.27380568
13018,0.09590502,0,-1.9797013,-0.51921827,-0.24356425,-0.0014357187,0.72228914,0.025788309,-0.039217394,-0.14766301,-0.14650251
16740,0.9939314,1,4.4841657,0.59782475,0.39558774,-0.06490794,-0.6291361,0.07242894,0.051749945,0.101987466,0.0031972188
15939,0.004532021,0,-0.47459176,-0.2734601,-0.13431074,0.057047416,-5.2259016,0.122013286,0.364841,0.11748816,-0.03081452
15385,0.8905842,1,0.6911628,0.06218102,0.20058428,0.027972637,0.8698614,0.13132234,0.03288398,0.074312754,-0.07920796
17386,0.9868932,1,4.271988,0.6899905,0.3710648,0.118338995,-1.1430662,-0.13915072,-0.12322381,0.033404626,0.15644038
15913,0.997707,1,3.9330392,0.9142984,0.3736816,0.13374257,0.6787601,-0.05315848,-0.14553885,0.095522314,0.059631467
17930,0.134656,0,-1.8252213,-0.4433022,-0.24695446,-0.078661166,0.5550575,0.06478066,0.090126716,0.075578734,-0.13745756
16679,0.66100585,1,0.07437878,0.054669395,0.2472897,-0.08559551,0.47813103,0.12095646,-0.108702056,0.092253216,-0.2912489
17103,0.99626994,1,3.9032032,0.3199915,-0.10007234,0.06066683,0.70956147,0.1582239,0.34707338,0.15116929,-0.047873456
16707,0.62358284,1,-0.25645536,0.1139135,0.13023019,-0.044704273,0.6962298,-0.105185136,-0.08719232,0.0025991672,-0.030299779
16384,0.6841181,1,0.13587373,-0.040382642,-0.11757588,0.12914638,0.51371634,0.069191776,0.04946317,0.039915733,-0.09223461
16040,0.35335872,0,-0.70546365,-0.18852243,-0.15561984,-0.07064124,0.61475855,0.0006387148,-0.056824263,0.03840185,-0.16668358
17586,0.99682826,1,3.9425347,0.7106132,0.48422554,0.0021738373,0.67464197,-0.056401618,-0.2091387,0.14324838,-0.027230527
13576,0.047579467,0,-2.2401414,-0.63072383,-0.27415395,0.0071406015,0.46414122,0.032479826,-0.044695828,-0.21630713,-0.17999521
13613,0.54051936,1,-0.37374952,-0.11414622,-0.13595106,-0.002212041,0.86925316,-0.046805467,-0.11446901,0.009906697,-0.015040937
14704,0.8774656,1,0.6365211,0.43003184,0.40254846,-0.020302929,0.6763804,-0.10191399,-0.10336969,0.015311735,-0.05220965
16980,0.42124072,0,0.4424377,-0.0019150877,-0.052481513,-0.04655147,-0.7921164,0.22820026,0.020221606,-0.07728227,-0.12384316
15424,0.9948592,1,4.2471557,0.6463349,-0.085299954,-0.19270451,0.22893566,0.046628557,0.16324736,0.10388459,0.021575183
13620,0.9974726,1,4.0317683,0.78736037,0.45716932,0.06394388,0.5792746,-0.16230023,-0.018270718,0.116735026,0.03668565
14438,0.005505675,0,2.1257238,0.41954005,0.2665534,0.08443324,-7.893276,-0.16944385,-0.12870084,0.04815581,-0.035086434
12563,0.99602026,1,4.4471426,0.5604076,0.3632521,0.11299053,-0.35494316,0.09496181,0.09987132,0.09761898,0.015610399
13181,0.9649585,1,4.029577,0.27417308,0.23074906,-0.10991448,-1.719948,0.13113117,0.15717505,0.107222766,0.1297399
15388,0.0062327296,0,2.117403,0.4195944,0.32051796,0.090080194,-7.8930697,-0.1188846,-0.10686988,0.03786853,-0.023973702
14714,0.44285822,0,-0.666598,-0.015373134,0.14612639,-0.094517656,0.7938508,-0.14592868,-0.32551616,-0.0029932498,-0.004268294
18244,0.79499453,1,0.7032166,0.20605494,-0.10293598,0.13426428,0.2576058,0.07975078,0.268471,0.02190927,-0.29868627
17214,0.0047067483,0,0.047250364,0.18334685,0.33658257,-0.042680696,-5.938879,0.06780777,-0.021921007,0.055548646,-0.12674084
17945,0.7441598,1,0.13481392,0.2613552,0.06196084,0.00997181,0.85645676,-0.16417795,-0.11084371,0.007632572,-0.07511477
12721,0.14177938,0,-0.8944785,-0.21180202,-0.15540875,-0.005147086,-0.50483185,0.010011428,0.106996804,-0.11353441,-0.118043
15368,0.9909418,1,4.41754,0.44609538,0.2082736,-0.054418474,-0.66891575,0.10326632,0.12382215,0.043394256,-0.009708554
14433,0.9949811,1,4.2351913,0.44384658,0.24197675,-0.029998917,0.21418557,0.090080045,0.01019267,-0.013699109,0.012096024
12583,0.054416537,0,-2.2864327,-0.69534814,-0.27431947,-0.040929724,0.4310001,0.14963603,-0.045561317,-0.0353389,-0.14348905
17508,0.11339947,0,-1.7616972,-0.57014537,-0.244169,0.09260427,0.5230624,0.1124585,-0.041922305,-0.24853191,-0.0037869955
14409,0.30581322,0,-1.0894446,-0.29073676,-0.12534586,0.053823818,0.49284527,-0.00911929,0.10474729,0.05381319,-0.09599721
18016,0.65497017,1,-0.27260116,-0.08119084,0.36592725,-0.028083729,0.8701187,0.033128828,-0.036844812,0.041559238,-0.3367028
13829,0.7797577,1,0.4739092,0.8454106,0.27867815,-0.30362868,-0.8025947,-0.19227773,-0.17951153,-0.03446449,1.0930852
15990,0.49697658,0,-0.67193675,-0.19134776,-0.12289634,0.114141054,0.8156133,-0.002341594,-0.07921252,0.0017730504,0.03846559
13341,0.005701334,0,2.0765219,-0.053678505,0.23640099,-0.08850641,-7.488885,0.04945963,0.028894737,0.042549174,-0.04974192
14161,0.35878527,0,-0.6264714,-0.31176668,-0.110433236,-0.0968048,0.5731123,0.15251234,0.098919146,-0.1741565,-0.1711994
13715,0.047320064,0,-2.4501557,-0.67862356,-0.30326355,-0.1228815,0.7145867,0.028184371,0.047013327,-0.29127094,-0.03158175
15771,0.799804,1,0.11552058,-0.12508185,-0.09379751,0.036980886,0.87633425,0.033426873,0.185416,0.06936985,0.20125185
15018,0.0061288835,0,2.0676155,0.43138105,0.3316611,-0.032764204,-7.811603,-0.16546217,-0.018638534,0.044752404,-0.021182483
16555,0.6330354,1,-1.244053,0.8843043,0.187708,0.08735153,0.17546335,-0.36481342,-0.27053583,-0.0387107,1.0428995
13331,0.9908723,1,4.469179,0.43287998,0.3572458,-0.07854026,-0.63574207,0.1005642,-0.091954425,0.05092194,-0.0029314985
15755,0.07485614,0,-2.0735393,-0.61050135,-0.25196394,-0.048785534,0.5057767,0.03395332,0.051923554,-0.24398562,0.03709141
13862,0.09780456,0,-0.6181503,-0.124726616,-0.126736,0.17169937,-1.7468932,-0.012164792,0.10324779,0.03498198,0.0112330485
15998,0.047865268,0,-2.1754906,-0.66797423,-0.27371305,-0.11561556,0.4342542,0.0857909,0.021597836,-0.16869316,-0.21612172
16310,0.9018966,1,0.6377161,0.26964563,0.18612863,0.032510534,0.8450762,0.09064783,0.020433478,0.09222577,-0.041554693
12821,0.9971697,1,3.94935,0.7565967,0.44317487,-0.013665552,0.74555653,-0.14084582,-0.078118436,0.11699133,-0.00015084859
13735,0.05011124,0,-2.2081633,-0.68889004,-0.34623408,0.13074164,0.40971825,0.15273738,0.0892873,-0.42012826,-0.14681835
14876,0.83409977,1,0.60136503,0.41936067,0.0952708,0.043649185,0.6643348,-0.14294696,-0.1342428,0.059562664,-0.07703525
17694,0.88142574,1,0.7020523,-0.12805754,-0.10639101,0.14687026,0.70568424,0.1628615,0.4359617,0.12072861,-0.11935764
15662,0.7652876,1,0.6380216,0.37541422,0.03253812,-0.05608817,0.65422326,-0.083400115,-0.33721733,0.08857897,-0.21582827
16428,0.57089424,1,0.036586307,0.14669634,-0.037972584,0.09300901,0.11527532,0.008767283,0.14524455,-0.2388811,-0.06887273
16979,0.11885628,0,-1.0170782,-0.14810105,-0.17964208,-0.047437996,-0.66591877,-0.026322922,-0.015963469,0.016518814,-0.0050081313
13686,0.3072683,0,0.3308526,0.40843076,-0.16014227,0.17748809,-1.3916334,-0.093842536,0.0014606678,0.059040416,-0.23022388
17201,0.5322988,1,-0.26450104,-0.031341713,-0.09724588,-0.07397919,0.8452228,-0.024603924,0.13862613,-0.25523934,-0.19321057
16976,0.00547882,0,2.1046498,0.2883414,0.3125677,-0.0028012523,-7.744793,0.013877586,-0.052565526,-0.17888872,-0.027403394
16126,0.0703868,0,-2.0500638,-0.60455763,-0.17635593,0.11302647,0.37810674,0.1077559,-0.031222751,-0.29519692,-0.10790455
16812,0.043196723,0,-0.7372506,-0.15196803,-0.1243339,0.03014305,-2.4406383,0.30401942,0.13852224,0.0014167225,-0.2033921
12575,0.75330377,1,0.6439019,0.15726213,-0.063284695,-0.07920285,0.45233837,0.06568186,0.006884363,0.0987953,-0.25171337
18119,0.006953278,0,2.10181,0.39033166,0.22397391,-0.012199504,-7.81989,0.0044914503,-0.01753738,0.1089279,-0.027119799
17876,0.6528116,1,0.211592,-0.482858,-0.20146735,0.033253856,0.7598498,0.029268783,0.30885673,0.046091706,-0.15881456
14869,0.3445615,0,-0.67188066,-0.19333932,-0.113242045,-0.053793047,0.706574,0.07430643,0.013398755,-0.24025838,-0.250446
17465,0.11448761,0,-1.7785952,-0.35256955,-0.12128079,0.08070538,0.41861662,0.021028752,0.015698807,-0.16021381,-0.25473815
14277,0.20275569,0,-1.681136,0.42576867,0.12117333,-0.020591091,0.32176962,-0.21534768,-0.055322986,-0.33597782,-0.015143662
13550,0.989033,1,4.226597,0.44725642,-0.1237442,0.13857773,-0.8748603,0.06363115,0.34898096,0.08622962,0.10352993
14919,0.9956505,1,3.9635577,0.3107833,0.24482894,-0.0015659442,0.5426118,0.09715196,0.02176144,0.13394451,0.0345998
14621,0.10820713,0,-2.00212,-0.06869299,-0.078305185,-0.113776095,0.44136295,-0.1432683,-0.111059785,0.006999853,-0.12597468
16495,0.0075444947,0,0.33519313,0.20675471,0.092523955,0.0140576875,-6.4584575,-0.14589562,-0.14233935,0.085575886,1.0475738
16928,0.15328905,0,-2.0783772,-0.07580511,-0.05002979,0.004492616,0.7116486,-0.052068263,-0.07903114,0.011019126,-0.18653089
14758,0.5997928,1,-0.22931418,-0.19130747,-0.07298481,-0.06120954,0.64813715,0.22081324,0.024561383,0.07134367,-0.09108595
15298,0.027348906,0,-2.5953982,-0.6700292,-0.33673728,-0.07083265,0.37294638,0.026403718,0.05476008,-0.25228634,-0.18582492
14398,0.81622803,1,0.6203543,0.08957046,0.2525617,-0.047243487,0.39647394,0.15183157,0.012550963,0.04415404,-0.11490335
15105,0.7497054,1,0.6314537,-0.07747186,-0.087817855,-0.14517957,0.57667524,0.12448373,0.01852825,0.054305337,-0.08358367
12404,0.99739945,1,3.9130604,0.80455273,0.3563202,-0.08225464,0.877864,0.028552214,-0.11148861,0.03921155,0.03796438
16667,0.0069191614,0,2.1434863,0.3983792,0.3282507,-0.02730031,-7.843577,-0.008387861,-0.059590675,0.048118755,-0.031541348
14247,0.39745444,0,-0.64517164,0.0028280667,0.14385603,-0.06713553,0.47397497,-0.14282334,-0.15976068,-0.06687712,-0.04062179
15803,0.72820705,1,0.1058309,-0.14029288,-0.1270559,0.035917472,0.86915445,0.1950882,0.05243373,0.03802482,-0.1292041
13490,0.99786794,1,3.8017995,0.75754994,0.42794463,-0.08966048,0.92175496,0.10317632,0.033544853,0.1080062,-0.0012184114
12378,0.9918326,1,3.953462,-0.09564084,-0.097404525,-0.12295824,0.64361477,0.09674249,0.32614797,0.059182797,-0.049384523
16730,0.008020757,0,0.3584403,0.32005146,0.029484533,-0.08063868,-6.4602137,-0.13181719,0.10887307,0.049657524,0.9028424
12917,0.28241777,0,-1.0292472,-0.53318566,-0.07656194,-0.0070923427,0.5697378,0.17064276,-0.0137287425,0.086112544,-0.18482499
17070,0.99415034,1,4.4344497,0.7157861,0.31880587,0.1232318,-0.4281307,-0.19807112,-0.018378083,0.07676854,0.02539454
16782,0.036353868,0,-2.8409963,-0.5522335,-0.2937164,0.08869788,0.3988952,0.0038773492,-0.10042858,-0.1780162,0.110848635
16863,0.17016517,0,-0.10847576,0.0030814381,-0.13880165,0.12896313,-1.1739849,-0.22293784,-0.05394426,0.042961523,-0.14696705
17109,0.79313946,1,0.6892958,0.28890762,0.07490506,0.0019849883,0.1827912,0.03625491,-0.027348926,0.10730336,-0.095787756
12408,0.12017337,0,-1.1651053,-0.2443246,-0.15190274,-0.1825683,-0.26178947,-0.029689789,-0.018668378,0.009261532,-0.03165115
13777,0.037863553,0,-3.0695498,-0.561692,-0.16032906,-0.05878237,0.33635342,0.16031069,0.00919908,0.15426314,-0.1305885
15441,0.6722896,1,0.12136269,-0.045967415,-0.09726974,-0.100822866,0.7400433,0.20141639,0.14885448,0.04100436,-0.37571022
18044,0.16301988,0,-1.5517462,-0.13995177,-0.032741074,-0.055529375,0.33728933,-0.113432124,-0.34512156,0.048305955,0.13135013
16547,0.99797016,1,4.0186014,0.75396955,0.48449263,0.1248019,0.69929093,-0.10786534,0.024394114,0.071386635,0.043041766
18229,0.09793954,0,-1.9820241,-0.46768874,-0.045989577,0.015771411,0.4521984,0.0334913,-0.34329173,0.13654472,-0.10499156
16778,0.006213918,0,2.15428,0.43323946,0.29550424,0.09157664,-7.878457,-0.007319909,-0.25284687,0.057940215,-0.05429365
13843,0.9657686,1,4.0197334,0.3606109,0.2725543,-0.073642045,-1.6992322,0.142094,0.029586816,0.06680873,0.13561763
14498,0.3625875,0,-0.6456522,-0.16529436,-0.121327706,0.003112874,0.48003915,0.016271042,0.09041332,-0.14310995,-0.1642514
15434,0.2496759,0,-1.0934455,-0.15375787,-0.14513667,0.06353151,0.7836709,-0.012390283,-0.06040602,-0.005613555,-0.5624419
16244,0.0077222562,0,2.1087956,-0.05749486,0.0010655882,-0.0805205,-7.368292,0.08819056,0.35393715,0.0832263,-0.07045294
17113,0.3218634,0,-1.0053836,-0.16955402,-0.11710923,0.07757564,0.7465312,0.00078745617,-0.004318524,-0.150329,-0.20906886
16050,0.4310653,0,0.37223879,0.6492661,0.3701495,0.11473838,-1.5413462,-0.061325066,-0.09952065,0.0860175,-0.25337237
15951,0.1696362,0,0.24039313,-0.001582122,0.16162719,-0.022946157,-2.256551,0.2003531,-0.027440684,0.03922579,-0.0069351955
14017,0.99722606,1,3.9972696,0.5609981,0.45316356,-0.026868768,0.6656758,0.030300897,-0.008186133,0.10620177,0.020525925
12967,0.170211,0,-0.639204,-0.4790325,-0.08363754,-0.19394185,-1.7358274,0.12965006,0.09234518,0.053726256,1.1861413
15380,0.2408448,0,-1.0257956,-0.28044394,-0.085703894,-0.041092988,0.52166754,-0.03600304,-0.18676502,0.076996826,-0.17656147
12383,0.003070247,0,-0.2135574,-0.09021491,-0.12104644,0.095352456,-5.4942665,0.0036345574,-0.031982798,0.07914569,-0.09563018
16932,0.78872824,1,0.6561031,0.4242051,0.13275237,-0.047993314,0.64618677,-0.14118524,-0.31623048,-0.037950315,-0.08425962
12921,0.017427217,0,-3.1833143,-0.5284746,-0.18507832,-0.066605754,0.32018995,0.009863003,0.06166515,-0.3725119,-0.17352192
14497,0.70303077,1,0.10434396,0.033629008,-0.10482532,-0.008993539,0.9207023,0.026595356,-0.0073767616,0.047091965,-0.23504269
17251,0.60667163,1,-0.2619537,-0.047548346,0.1178276,0.012811474,0.6943683,-0.055334486,-0.05657392,0.029750036,-0.085652225
13907,0.9973175,1,3.9338176,0.75299525,0.47867304,0.03414161,0.83258057,-0.07612919,-0.22923276,0.14141843,-0.03557426
13173,0.21770635,0,-1.8985633,-0.12576081,-0.11386983,0.1349767,0.5038441,-0.05133697,0.0015942007,-0.038034845,0.22241989
12972,0.6264965,1,-0.74135965,-0.1165597,-0.07299107,0.12861878,0.9453472,-0.03199252,-0.06557379,0.013021651,0.37305665
17311,0.36032125,0,-0.6761878,-0.38353014,-0.20311554,-0.06356566,0.7323216,0.14996558,-0.07453653,-0.020823032,-0.120146476
17580,0.14990836,0,-0.46817735,0.06033615,0.07054832,-0.11397245,-0.9857195,-0.23132905,-0.10702426,0.048692428,-0.09432179
15296,0.10873678,0,-1.9367743,-0.6917622,-0.20652917,0.08763627,0.60400355,0.15729542,0.25292584,-0.30759385,-0.14856048
16340,0.85366166,1,0.651449,0.07990085,-0.07253957,0.10453598,0.69164854,0.22633897,0.37617132,-0.19698843,-0.18255173
14566,0.68674725,1,0.17755572,-0.43119338,-0.0846966,0.15083967,0.51367253,0.108533494,0.3430242,0.033750497,-0.11217774
15418,0.86198956,1,0.6643888,0.2593828,0.20290929,0.06808439,0.5682434,0.08253833,0.0023514563,-0.009780429,-0.091852956
15031,0.112407446,0,-1.968391,-0.16813022,-0.12425607,-0.15222321,0.51502216,-0.03197095,-0.14127997,-0.19726403,0.11646269
14312,0.13174275,0,-1.0515741,-0.17099091,-0.20038088,0.02297513,-0.11595171,-0.021672035,-0.039825264,-0.18153054,-0.21233477
14505,0.034139942,0,-2.5757515,-0.6519392,-0.32733852,0.09200609,0.43038854,0.027921535,-0.057503663,-0.17697449,-0.18900785
17871,0.5945762,1,-0.25550523,-0.086510204,-0.13712312,0.079191335,0.84080213,-0.042397287,-0.062551305,-5.938229e-05,-0.03857938
12727,0.24688388,0,-1.0494192,-0.35510328,-0.20897675,-0.115864106,0.74210614,0.11343299,0.016423222,-0.1946877,-0.14886138
13421,0.15071732,0,-1.8055295,-0.33830762,-0.14737236,-0.06636849,0.81658757,0.039708633,0.062640846,-0.21727848,-0.1587149
16356,0.7480095,1,-0.24489078,0.44579855,0.15173398,0.03871516,0.6369661,-0.0586484,-0.03360875,0.10003678,-0.033726458
12797,0.1942329,0,-0.84873366,0.43362853,0.1371822,-0.017433986,-1.0039062,-0.13822311,-0.028587455,0.058942553,-0.101254486
16263,0.9953252,1,4.435648,0.4152291,0.16886602,-0.0692331,-0.06688149,0.13217033,0.17028993,0.090201944,-0.0010519461
13283,0.91752,1,0.6278794,0.4502914,0.452689,0.022000238,0.8713044,-0.070712864,-0.033444844,0.08070869,-0.07724655
14332,0.46666303,0,0.4318806,-0.09905,0.0074878354,-0.015470715,-0.8055629,0.26046124,0.12754561,0.0792671,-0.20575264
15030,0.3526572,0,-0.97272646,-0.24564362,-0.099725656,0.009393956,0.72197205,-0.037423506,-0.07328819,-0.0022804374,0.00669471
17716,0.11369492,0,-2.1789823,-0.50280255,0.12483557,0.06911756,0.42880198,0.121242955,0.27816814,-0.42926106,-0.050312374
14057,0.042480066,0,-2.0540545,-0.58209354,-0.3422582,-0.08314413,0.36315817,0.037580796,-0.043032385,-0.2994362,-0.19768204
14562,0.12599225,0,-1.7418566,-0.17408273,-0.0392439,-0.17869987,0.6538589,-0.0524288,-0.127812,-0.20490098,-0.15735112
16282,0.6785479,1,0.10802985,-0.087160416,-0.14858827,-0.1236407,0.8734744,0.1843529,-0.04344252,0.08551529,-0.1870819
13640,0.99639636,1,3.9249852,0.27892926,0.4289531,-0.024073165,0.7211911,0.08220881,0.059057597,0.08558129,-0.020278106
14783,0.97846276,1,0.7118444,0.43990466,0.041001897,0.09410134,0.9447077,0.054519206,0.014574005,0.089951396,1.3399498
16770,0.08755565,0,-1.5510502,-0.124771774,0.0023739059,-0.13535132,-0.18857434,-0.13621771,-0.043304242,-0.096217506,-0.1563891
18155,0.0067931805,0,2.1185148,0.42582756,0.33225504,0.09777083,-7.8544316,-0.11578385,-0.108598545,0.0700614,-0.036281258
14047,0.092597954,0,-2.152935,-0.4370104,-0.14692293,0.014684862,0.7054742,-0.03096575,-0.117940515,-0.06500944,-0.13734244
14740,0.15267865,0,-1.7746246,-0.30417037,-0.15762575,0.036920436,0.7498607,0.032840375,-0.033017054,-0.22988866,-0.11968793
16998,0.8345475,1,0.6937093,0.68790567,0.44798622,-0.04353984,-0.19798225,0.087611556,0.0586869,-0.039681595,-0.16213857
12823,0.11295396,0,-2.0569234,-0.56944233,-0.048132986,-0.012755321,0.76866174,0.015979609,-0.122990854,0.008565794,-0.12952833
15319,0.0071508116,0,2.0775642,0.39614767,0.14047752,0.016627476,-7.8292794,0.0430249,0.106290735,0.046442155,-0.016294172
13553,0.9953839,1,3.8170125,0.11443492,0.18838036,-0.009389259,0.78022134,0.24034901,0.19997619,-0.03509263,-0.007944994
13919,0.7690959,1,0.66720414,-0.054320414,-0.082440734,0.12230755,0.5752302,0.16432315,-0.1050211,0.021092948,-0.1908111
13487,0.71425,1,0.1279318,0.23981754,0.12626284,-0.03691723,0.7221779,0.013284362,-0.12417467,0.084158204,-0.3220728
14648,0.027933009,0,-2.546347,-0.5787743,-0.3367232,-0.06784651,0.39315152,0.044682454,0.10896975,-0.39882943,-0.25354764
15532,0.2300186,0,-1.0002615,-0.348848,-0.055448968,0.060879283,0.33464465,0.02250238,-0.0293751,-0.15327322,-0.1246738
13327,0.05608939,0,-2.22834,-0.6826342,-0.33911368,0.10481112,0.5717215,0.09571796,0.059485126,-0.2697381,-0.2206442
14602,0.99776745,1,3.8940485,0.666018,0.43788666,0.010391562,0.89797556,-0.015145891,0.010525633,0.099230655,0.015808558
16727,0.6278712,1,-0.21928434,-0.028913442,-0.11322402,0.038019042,0.7944179,0.09367375,0.0075140777,-0.18687105,0.052114945
16645,0.9973859,1,3.9626958,0.66405016,0.43185958,0.029669005,0.676885,-0.08198152,0.050124563,0.10921446,0.016078796
17257,0.8647416,1,0.7835738,0.6276294,0.020668298,0.13139656,-0.25364754,-0.058522847,-0.09312676,0.05682725,0.5547982
18255,0.99711096,1,4.2495413,0.69670117,0.22071889,0.121372744,0.25474316,0.015229925,0.045461,0.12225864,0.03228693
12651,0.3774808,0,-0.6330422,0.3798951,0.03612095,0.023449639,-0.3182867,-0.072117016,-0.11795621,0.14947347,-0.033439647
15428,0.8034753,1,0.1507058,0.045454554,0.2621365,-0.029752584,0.9160208,0.08669322,-0.06041925,0.040215965,-0.0885453
18187,0.9240924,1,0.09557667,0.020838114,0.39045432,-0.17718622,0.77298343,0.12482882,0.0071243774,0.008360436,1.1706667
15831,0.014039871,0,0.4618149,0.2109779,0.16569869,0.075392514,-5.784038,-0.17820348,0.0016641816,0.09268494,0.6166431
12834,0.0062971283,0,2.0953667,0.23925933,0.33561176,-0.065872036,-7.864437,0.060337268,0.017471006,0.053684402,-0.018410971
12706,0.9974874,1,3.8603618,0.86939585,0.3733728,-0.082113154,0.9031229,-0.019109463,-0.111617215,0.06384477,0.04104895
13703,0.45435047,0,-0.09449256,0.6547057,0.24068066,-0.019656941,-0.80511117,-0.19134676,-0.20492558,0.09124568,0.060144816
16061,0.66717535,1,-0.1273459,0.8368078,0.2951184,-0.2768643,-0.78838503,-0.25552842,-0.2366447,0.08033428,1.082297
14202,0.76048976,1,0.13293998,-0.0641496,0.34578797,-0.03660585,0.6517848,0.10529129,-0.08744916,0.09559172,-0.07347323
14944,0.082023345,0,-1.9874187,-0.5796966,-0.2641497,-0.010605605,0.74715436,0.034001615,0.06290443,-0.27376398,-0.22924262
13158,0.16676788,0,0.28078604,0.098749086,-0.0855778,0.066014536,-1.9665414,0.096694276,0.16175662,0.054006305,-0.40024483
14082,0.36978206,0,0.34727883,0.2934289,0.17976792,0.111857526,-1.360142,0.06655589,-0.022296634,0.06881198,-0.3040626
14625,0.042003807,0,-2.270942,-0.52153575,-0.22049679,-0.022575507,0.35307276,0.018466877,-0.06568448,-0.21991959,-0.2631188
14450,0.3969265,0,-0.37019643,-0.06448881,-0.06112136,0.021429649,0.63685864,-0.12466456,-0.3352104,0.13339587,-0.3399388
13842,0.10499375,0,-2.1019673,-0.25766417,-0.14948757,0.0019253368,0.8579387,0.029538771,-0.06855501,-0.21061596,-0.32969183
16176,0.25818017,0,-1.0381204,-0.28326917,-0.10968077,0.036370575,0.5353039,-0.0029322882,-0.059978392,-0.0042965594,-0.2144935
17732,0.07532707,0,-1.6982639,-0.23383945,-0.20968439,-0.012707299,-0.1714349,-0.048768457,-0.03945589,-0.020883815,-0.15821183
15584,0.83590096,1,0.54677606,0.10390474,0.1816926,0.06557476,0.8795901,0.105647944,-0.12702596,-0.06869241,-0.14507635
13020,0.6304415,1,-0.39602506,0.03236247,0.07762239,0.07807009,0.8933855,-0.18368676,-0.105538055,0.052540105,-0.0002674756
17431,0.008539089,0,2.09997,0.16385354,0.22683868,0.11254943,-7.5955625,0.07016659,0.09192365,0.049034856,-0.058947038
14307,0.29393235,0,-0.94121903,-0.3676204,-0.11929412,0.07821615,0.58992,0.036025487,0.14078917,-0.1969846,-0.18184175
14814,0.9974235,1,3.9857852,0.7430552,0.42345518,-0.055575974,0.6888874,0.049675237,-0.06875365,0.088449664,0.018118722
17687,0.99549603,1,4.422261,0.30742884,0.18485229,-0.022781525,-0.09286024,0.25775293,0.17718358,0.095368594,-0.016577499
17631,0.5228063,1,-0.25131464,0.067737535,0.01857565,0.051428884,0.67756873,-0.17659467,-0.30619016,0.021982986,-0.09755394
16638,0.08223285,0,-1.6203685,-0.20055923,-0.15739428,0.0302248,-0.17823106,-0.17065078,-0.055895824,-0.037208065,-0.10795544
17134,0.6843979,1,0.6773567,0.15951875,0.39772284,-0.07588444,-0.38412505,0.038719423,-0.09601234,0.11423239,-0.14311893
15689,0.84539914,1,0.54775673,0.31101066,0.1081001,0.066272154,0.7336168,-0.02863684,-0.08928249,0.08147652,-0.116999894
15106,0.0062215403,0,2.0809298,0.16555788,0.10341994,-0.019000582,-7.716183,0.12533544,0.06847314,0.08303775,-0.050712448
17412,0.045696076,0,-2.2561393,-0.48305804,-0.23885071,0.00023065356,0.3742346,0.0243182,-0.09247071,-0.2562402,-0.19664484
12385,0.0072014956,0,2.1004481,-0.10850067,-0.0009806795,-0.11004645,-7.31561,0.10318143,0.307107,0.089069396,-0.07655568
14867,0.1314076,0,-2.044236,-0.40008238,0.0015263146,-0.047618702,0.4587229,0.0616432,-0.108785905,0.07239979,0.032211192
13048,0.14328554,0,-1.8196837,-0.37295657,-0.20170084,-0.09821941,0.62034464,0.056186732,0.0706794,-0.11168658,-0.01687748
13495,0.12590802,0,-1.8411281,-0.5443199,-0.22800364,-0.04822659,0.48321334,0.035839222,0.08569303,0.15110557,-0.117455006
13967,0.9897254,1,4.4053316,0.71128225,0.33620873,-0.10809405,-0.85652685,-0.036356043,-0.014483053,0.03457462,0.01017246
15092,0.45004132,0,-0.05786063,0.05254343,0.27758533,-0.053506162,-0.29273537,0.08748515,-0.32823506,0.06351759,-0.034946263
16700,0.033817705,0,-2.2894094,-0.68145996,-0.2855101,-0.057079133,0.35373232,-0.0004966486,0.06412868,-0.35445824,-0.18746556
13764,0.5603172,1,-0.27701047,-0.10830993,-0.13416332,-0.061485387,0.8132049,0.23166203,-0.13730904,-0.18161853,0.01183121
14293,0.28940713,0,-1.0416439,-0.2581874,-0.09330441,0.02667946,0.6041306,-0.011287206,-0.060953334,0.008933427,-0.15828021
14108,0.8836561,1,0.7265982,0.23488249,0.21949452,0.05546561,0.70547754,0.09869094,0.025299994,0.08850065,-0.2125414
14522,0.552962,1,-0.25012806,-0.103741586,-0.14864813,-0.06946484,0.85437065,-0.16249865,-0.019297471,0.110610306,-0.08420462
16899,0.1253705,0,-0.17539151,0.07485437,-0.050167914,-0.109641954,-1.5804981,-0.03034697,-0.09120269,0.08043406,-0.14621411
13592,0.005779621,0,2.0825791,0.40630448,0.31200686,-0.050655477,-7.9298964,-0.036203314,-0.04534634,0.060309194,-0.03236559
15179,0.10073322,0,-2.0705113,-0.61267865,-0.19018996,0.11589769,0.39185956,0.18724409,0.23752238,-0.23824085,-0.09565725
14803,0.0033236423,0,0.29551375,-0.0011784988,0.16321814,-0.02111796,-6.1854043,0.09344015,-0.04102586,0.036227446,-0.12868115
13382,0.6219696,1,-0.37886977,-0.05098025,-0.09506575,0.014059031,0.72563213,0.018131368,0.21494743,0.06373839,-0.09932426
14201,0.48550534,0,-0.24312982,0.08712236,-0.096955955,-0.011598002,0.51416254,-0.13723335,-0.13049357,0.06342214,-0.18893936
14834,0.9922312,1,4.481204,0.08511692,0.2425517,-0.094465606,-0.37161818,0.27783147,0.057356305,0.08820164,-0.0019853688
12458,0.47042677,0,0.0008800899,-0.076035574,-0.12665266,0.15258695,-0.17398308,0.03652909,0.090853155,0.012675272,-0.12093262
16681,0.99739647,1,3.8714418,0.7558499,0.4129548,0.011528967,0.7042528,0.07691617,-0.07947243,0.10513707,0.0040221596
14079,0.9943469,1,3.959982,0.47323427,0.32353735,-0.106543094,0.86496264,-0.04327216,-0.2688498,-0.12349359,0.0046781106
16950,0.13647322,0,-1.8418846,-0.3803026,-0.20021164,-0.11655315,0.64560723,0.024772564,0.101068,-0.045320705,-0.11771996
16922,0.9929363,1,3.922927,0.17500356,0.17996627,0.076665014,0.5901513,0.23495007,0.014861226,-0.2859354,-0.0485344
13204,0.9918711,1,3.8969543,-0.09466603,-0.10342241,-0.119328566,0.6379688,0.12923563,0.31839836,0.10812293,-0.054735743
14018,0.99602795,1,3.8548465,0.3208108,0.17811383,-0.08694141,0.711142,0.14014861,0.17347097,0.13861838,0.008647034
12726,0.32246798,0,-1.0416917,-0.23815624,-0.15099747,0.043235283,0.4103674,-0.005377235,0.23528646,0.054177325,-0.13494478
15042,0.9962225,1,3.9660742,0.6676999,0.105419844,-0.21599872,0.6638046,-0.010580459,0.21287496,0.09566343,0.00430906
16809,0.42875782,0,-0.6855055,-0.093791924,-0.06981969,0.064346395,0.70538396,-0.14636901,-0.08486968,-0.060599282,-0.0013445503
13668,0.014820832,0,-2.956568,-0.6532582,-0.33542037,-0.08794374,0.33927777,0.030255198,-0.048588045,-0.38195524,-0.1882365
17940,0.48253414,0,-0.92783165,-0.44626004,0.058906443,-0.017022328,0.5502717,0.005618973,0.48980993,0.055012524,0.07595448
17665,0.99555886,1,4.1597757,0.18109016,-0.07294849,0.12290929,0.43132657,0.21252325,0.32267976,0.0052790367,-0.03588376
14401,0.12558891,0,-2.0913548,-0.35362586,-0.22638303,-0.013369293,0.48414636,0.060522225,0.105136015,-0.0011387505,0.009882265
17952,0.4365717,0,-0.26012433,-0.08495086,-0.121537946,-0.049082562,0.4576251,-0.06096065,-0.09435214,-0.04466736,-0.082685016
16776,0.9967753,1,4.3967304,0.5416631,0.23385511,0.12563571,-0.028193321,0.10838041,0.17156965,0.09329358,0.0051135467
18029,0.9956457,1,3.8705366,0.29492205,0.15370472,0.012555039,0.63860387,0.19201253,0.1263352,0.09077366,-0.032853737
13965,0.8635342,1,-0.43691257,-0.06627763,0.17079146,-0.008643104,0.85037065,0.1425587,-0.040808555,0.062018253,1.0862137
14039,0.9969699,1,3.945616,0.7235131,0.45374838,-0.0590329,0.6640118,-0.118509784,-0.009379109,0.08918831,0.02129025
16301,0.9970042,1,3.9206018,0.65201133,0.43098405,0.054548018,0.5643237,-0.029309526,0.03233863,0.089728415,0.0066664563
16895,0.5829106,1,-0.23638035,-0.046040833,-0.0803219,0.023608612,0.8560538,-0.010692665,-0.13043123,-0.040047687,-0.086662926
17875,0.99772483,1,3.9190526,0.7273666,0.4588,-0.023520196,0.87400126,-0.09224361,0.031086765,0.096956536,0.0063025383
18102,0.040952258,0,-2.9568179,-0.46363744,-0.1358089,-0.040467232,0.3542985,-0.012810958,0.40989625,-0.36963996,-0.024194693
17449,0.24156775,0,-0.9478479,-0.51968294,-0.17157163,0.09804609,0.57449365,0.1631433,0.077921085,-0.3556318,-0.14862163
15420,0.40693352,0,-0.7052253,-0.0047939736,-0.11944343,-0.023145411,0.62660426,-0.20161837,-0.038506404,0.060682423,-0.056858405
17156,0.97147346,1,0.82359344,0.219626,0.07435135,0.15488096,0.3067686,0.11302229,0.165879,0.043248598,1.540958
16912,0.29259107,0,-0.99276984,-0.33321223,-0.036092732,-0.012156872,0.58308405,0.044037905,-0.031881616,0.005457462,-0.19494711
12668,0.20488124,0,-0.95018876,-0.6671951,-0.22336939,0.15805645,0.6617637,-0.044254933,0.25375026,-0.48389962,-0.14637199
15356,0.13115469,0,-0.9710381,-0.0123834545,0.013209442,0.054168947,-0.88831204,-0.08372899,-0.09250974,-0.041776937,0.04593617
14395,0.05911413,0,-2.1260717,-0.60805106,-0.23354521,0.043412432,0.3841881,0.035089176,0.05073058,-0.43070403,0.031950574
15112,0.99686277,1,3.9535906,0.65713096,0.45892408,-0.022984333,0.7779479,-0.025394842,-0.19206315,0.086171255,-0.017700888
16279,0.20363376,0,-0.97044843,-0.52701837,-0.22903842,-0.08208771,0.3910005,0.10536874,0.1335281,-0.22459504,-0.046094358
13081,0.03946867,0,-2.917679,-0.5050644,-0.17566828,-0.034214232,0.33650294,-0.023892619,0.31226322,-0.11089393,-0.15898137
12866,0.5056947,1,0.038271233,-0.09969283,-0.032788087,0.007569513,0.0054095276,0.02711785,0.12385924,0.038478035,-0.17109291
18079,0.99494714,1,4.223221,0.1448786,-0.11516264,0.008692389,0.38516855,0.20226724,0.39158186,0.002571907,-0.04613936
14006,0.48125756,0,-0.42537746,-0.18585664,-0.20720938,-0.0008062292,0.77400976,0.027150849,-0.09930916,0.0533457,-0.09660045
14123,0.9964573,1,3.8958027,0.30174243,0.13335674,0.029436333,0.67914295,0.21031247,0.24586622,0.0727454,-0.014741868
17326,0.7445318,1,0.6394321,0.45720217,0.14885104,0.017936163,0.47353616,-0.09748241,-0.32210135,-0.13348849,-0.19987611
13360,0.34518036,0,-1.0433872,-0.1224233,-0.10363493,0.011676427,0.76137805,-0.02801111,-0.04337029,-0.031067666,-0.12710069
17228,0.2978007,0,-1.0029663,-0.061607435,-0.074990734,-0.06753615,0.6595123,-0.08747447,0.03230422,-0.18524748,-0.15543462
14459,0.9903452,1,3.8477194,-0.45674545,-0.1201586,-0.09718469,0.7468829,0.08085598,0.5113128,0.11680868,-0.0845432
15900,0.42828292,0,-0.31613383,0.116517596,-0.11945621,0.076691985,0.5290673,-0.13702674,-0.13242789,0.050517693,-0.44225818
13465,0.79405963,1,0.6703005,-0.045305125,-0.08036944,0.10839487,0.559824,0.18245474,-0.012519587,0.04129983,-0.16015656
13399,0.79521865,1,0.025269546,0.48343858,0.40118387,-0.048421636,0.34457037,0.060002517,0.01935804,0.0882814,-0.10265694
16586,0.876115,1,0.640829,-0.10229244,0.25110447,-0.0048211273,0.82835597,0.3086609,0.03195144,0.11566,-0.19895263
12459,0.99576,1,3.8973603,0.26560992,0.16899788,-0.0010413798,0.694483,0.15304735,0.11433418,0.10739559,-0.026890703
15078,0.030040627,0,-3.023647,-0.5193508,-0.3206455,0.11112932,0.43616754,-0.022233205,-0.07013441,-0.0060610524,-0.1455769
16274,0.006346366,0,2.1040485,0.25615025,0.17315008,-0.053988557,-7.6840067,0.06990425,0.0073913974,0.018139293,-0.029940091
16655,0.24915375,0,-0.94980276,-0.5241957,-0.18436737,0.112120934,0.7013248,0.13388723,0.024676958,-0.36185238,-0.14057122
13433,0.63914657,1,-0.31634971,0.017240465,0.1328938,0.028871072,0.8599208,-0.16152684,-0.057521325,0.022659179,-0.04017365
14730,0.0064029167,0,2.1202548,0.2673058,0.2235026,-0.0785463,-7.757509,0.065288216,-0.017116258,0.06730144,-0.020705063
12787,0.99596417,1,4.4484487,0.39829776,0.17979759,0.13845596,-0.13076906,0.14851804,0.11862671,0.13480924,-0.013331405
17685,0.100648984,0,-2.026918,-0.5435063,-0.24817358,-0.027443998,0.64091295,0.0479456,0.053294122,0.016877912,-0.1886727
15720,0.99740964,1,3.9565287,0.72370005,0.47442055,-0.042511623,0.71197915,-0.041370198,-0.018603096,0.06993787,0.033649895
17338,0.1252166,0,-1.8981994,-0.5888944,-0.1971002,-0.07536886,0.6554422,0.19302675,-0.026577106,-0.2582317,0.16632237
17613,0.0037705724,0,0.04412067,-0.07972325,-0.069723286,-0.10165398,-5.624125,0.20460723,0.046508502,0.055917237,-0.13832147
16690,0.84832746,1,0.7708933,0.72591317,0.407163,0.0074732536,-0.04563867,-0.090069994,-0.02440338,0.09377443,-0.20921043
17766,0.11651163,0,0.15064885,0.34729165,0.110507995,-0.045454506,-2.5005982,-0.00014151866,-0.16990006,0.010265445,-0.014154799
14221,0.13010846,0,-1.7778995,-0.54717714,-0.22625338,0.05695533,0.5119954,0.04029924,0.054704,0.026815433,-0.12508726
16628,0.94790226,1,0.59669894,0.68592244,0.43140095,0.041094266,0.96494097,-0.0060127317,0.027768556,0.1341818,-0.060514912
15586,0.6622456,1,-0.22397594,-0.13216698,-0.12490321,0.074386016,0.7958765,0.04171445,-0.0604966,0.08535251,0.13188244
17757,0.04038591,0,-2.78748,-0.5556483,-0.17685704,0.076079965,0.6070892,-0.22598606,-0.08331196,-0.28914168,0.18155693
12450,0.3157609,0,-0.62567514,0.14821576,0.20242964,-0.04521171,-0.372552,-0.096201874,-0.13170807,0.06393267,-0.0021992668
12855,0.23247968,0,-0.6386271,0.009511571,0.006548166,-0.21920134,-1.4206673,-0.03724823,-0.064630665,0.0036380664,1.0806662
13337,0.9667627,1,0.6900936,-0.05294494,-0.055134352,-0.02781831,0.63524806,0.16914995,0.48222947,-0.008971854,1.4527812
16787,0.58412504,1,-0.2686754,-0.04914928,-0.14485785,0.025350943,0.84125066,0.02235977,-0.057791073,-0.10826301,-0.0061426912
13968,0.9943727,1,4.3783236,0.62440336,0.12185359,-0.0065790806,-0.08882821,-0.21022545,0.16765049,0.09875204,0.0034978334
17049,0.07899373,0,-2.1550083,-0.54472435,-0.22050689,0.016555887,0.7507498,0.030791674,-0.04966828,-0.18676054,-0.18317685
16731,0.99668103,1,3.8750165,0.71319383,0.24851583,0.028342305,0.75294846,-0.09212615,0.022077654,0.069574736,0.0015944898
13320,0.5480168,1,-0.0076706377,0.05005399,-0.0062271543,0.171199,-0.07240856,-0.015049712,-0.025770849,0.08038395,-0.06749734
13084,0.95970935,1,0.82186776,0.66433746,0.11393365,-0.023460241,0.40955633,-0.06890087,-0.1838321,0.0017940984,1.3495663
17763,0.82011783,1,-0.3962046,0.821143,0.29260072,0.027468111,0.99863714,-0.16947208,-0.18879402,0.07798342,-0.031864315
18287,0.4729755,0,-0.31156355,-0.3657373,-0.1302263,0.05278609,0.55961955,0.16741818,-0.027078988,0.01940735,-0.15847667
14875,0.2197949,0,-0.5908627,-0.2193324,-0.123946756,-0.07718816,-0.74565226,0.28262597,0.111118585,0.03740237,-0.026674654
16372,0.3073954,0,-0.3089212,0.0036903026,-0.08240867,0.06858371,0.5724083,0.0052686534,-0.12784356,-0.23042291,-0.7983278
15329,0.099465884,0,-2.1547205,-0.21892588,-0.031120585,-0.08099737,0.43361583,-0.13017365,-0.066899054,0.08884452,-0.12844537
14751,0.92262155,1,0.7443998,0.63703287,0.4044224,-0.046524942,0.6302946,-0.05650491,1.7777202e-05,0.17443493,-0.09471077
15138,0.70575565,1,0.4049637,0.04329231,0.15837906,-0.11213912,-1.3424635,0.12589408,0.0065377215,0.083870284,1.4208759
14284,0.9918876,1,3.825623,0.042830147,0.012966464,-0.03626713,0.77964777,0.09131982,-0.045248285,0.066002384,-0.016293367
17496,0.53625447,1,-0.4476208,-0.108803384,-0.13262329,-0.009089104,0.8595887,0.005020757,-0.057826884,0.003836725,-0.052858267
12854,0.39754146,0,-0.9028024,-0.15588826,-0.087582015,0.12218131,0.52404463,0.0124034695,-0.054139744,-0.098736644,0.13915166
13889,0.3722715,0,-1.0228332,-0.17224503,-0.12346781,0.10411973,0.78955114,-0.029830499,-0.05430886,0.0047738166,-0.103891805
18283,0.20744537,0,-1.7168187,0.036809206,0.012405972,-0.08575337,0.6954025,-0.111195356,-0.005328723,-0.13746995,-0.11409285
14535,0.41800824,0,-0.9557673,-0.37853202,-0.11467335,0.09229512,0.7764134,0.19976607,0.10853222,-0.19055744,0.04592018
12799,0.9972203,1,4.021514,0.69513035,0.25803557,0.007062144,0.5519347,0.06183821,0.053580225,0.10594803,0.04193243
17966,0.54121584,1,-0.7044001,-0.110461794,-0.08951262,-0.0145718865,0.70300436,-0.029893946,0.06113478,0.052110873,0.21218023
13406,0.6966578,1,0.09580815,0.06459228,0.2744996,-0.008061039,0.7283543,-0.024823047,-0.08863725,0.0895288,-0.38547713
14610,0.92027694,1,0.69721395,0.91971594,0.36145788,0.14928988,0.51198447,-0.103002325,-0.17821875,0.17396992,-0.17194362
17933,0.9976131,1,3.9261172,0.74309134,0.49141723,0.023702294,0.7405771,-0.051512938,-0.046946313,0.09881503,0.024439124
14514,0.25262973,0,-0.9539972,-0.6044747,-0.1940274,-0.029638702,0.552249,0.18188941,0.08806443,-0.23961087,0.029261688
14787,0.99722314,1,4.273061,0.75019425,0.45790637,0.11859835,0.29134926,-0.1637861,-0.062516734,0.099658296,0.03353293
14613,0.9968901,1,3.928973,0.7306206,0.43461668,-0.1120053,0.81631774,0.0582014,-0.18916476,0.025192894,-0.00836168
12990,0.46936262,0,-0.3730892,0.0011424889,-0.11157638,0.018252954,0.56918776,-0.1331418,-0.28966418,0.15526514,-0.04472871
16537,0.99570775,1,3.82858,0.74885005,0.37803522,-0.35092533,0.6954571,-0.06891571,0.041802686,0.05108413,0.03701901
12615,0.26631334,0,-0.97121763,-0.32020164,-0.14195515,0.12279052,0.47691962,0.13010114,-0.020684758,-0.23413269,-0.14067605
15252,0.6299662,1,-0.40005282,-0.059798125,-0.07335072,0.05440413,0.6610658,0.016710304,0.17017569,0.04061584,0.036653627
18156,0.005854713,0,2.1477926,0.40124983,0.33509624,-0.021468129,-7.8038673,0.002076618,-0.25184664,0.03382044,-0.06313574
17838,0.10281517,0,-1.9342216,-0.57398814,-0.22786239,0.08492919,0.53761095,0.049587265,0.064437434,-0.25449455,0.0020243167
14918,0.22729036,0,-1.0259582,-0.53031945,-0.22310428,-0.06411651,0.49801654,0.12313772,-0.10308024,0.13695832,-0.120857544
13445,0.99618524,1,3.9101515,0.53189796,0.045730673,0.023868082,0.58560175,0.073306955,0.21665692,0.0858776,0.0063269157
18109,0.038896818,0,-2.6449556,-0.37189665,-0.020434389,-0.028028307,0.24678928,-0.10650942,-0.11941976,-0.11026407,-0.1380991
16553,0.06116146,0,-2.8031478,-0.55965805,-0.19742328,-0.035054043,0.6620974,0.2317366,0.38633305,-0.28598592,-0.215672
18260,0.016171578,0,-2.971174,-0.5787289,-0.26100117,-0.106576525,0.3642465,0.004941171,-0.03044152,-0.22162338,-0.39348817
18225,0.019457767,0,-3.0635486,-0.6833784,-0.28503913,0.10173625,0.40568912,0.00056021166,0.033262383,-0.310189,-0.20460114
16017,0.64232886,1,-0.24685109,-0.060794808,-0.077113956,0.07956526,0.84968764,0.013252499,-0.059918847,0.04758671,-0.045575343
17071,0.35495937,0,-1.0245764,-0.24425712,-0.0756128,0.0090798,0.7716015,-0.05395496,0.015254866,0.03668643,-0.11717902
14003,0.9966588,1,3.9333024,0.55353814,0.19538113,0.025008302,0.6118778,0.0822917,0.095359795,0.09964974,0.016022338
15872,0.79046905,1,0.6330594,0.21332164,0.16839033,-0.02622575,0.52758574,0.050044935,-0.023989765,0.010434242,-0.31051454
14998,0.9026202,1,0.6349438,0.4019236,0.5003417,-0.05208064,0.7752395,-0.084880516,-0.009594168,0.09061302,-0.115472905
16100,0.99588335,1,4.2368064,0.17722163,-0.092695765,0.12273587,0.28624997,0.22020984,0.38093153,0.102233954,-0.030746548
18224,0.0053579006,0,2.1192389,0.43755382,0.3414503,0.0062350743,-7.890117,-0.061534368,-0.2640922,0.057160962,-0.05535097
16214,0.6940332,1,0.7304741,-0.07122253,-0.12043774,-0.112487264,-0.31508297,0.2114093,0.4325435,0.14744312,-0.1692442
16014,0.7484611,1,0.10591695,0.10715588,0.41007277,-0.10687273,0.82631946,0.08578937,-0.028234407,-0.24773447,-0.1476393
16934,0.5290791,1,-0.37348074,-0.07951406,-0.08565827,0.031162057,0.58655447,-0.017144643,-0.031392816,0.045709644,-0.0454363
16841,0.31422746,0,-0.9959218,-0.31981128,-0.13663468,-0.104436964,0.69481385,0.050587274,0.09060128,-0.20144193,0.0561672
14970,0.21133426,0,-1.8092017,-0.38970184,0.04576714,0.01928327,0.88904476,-0.08227508,-0.112874,0.051699594,-0.014292119
17964,0.0064659673,0,2.1079865,0.23914973,0.0999718,-0.054591782,-7.705319,0.07471624,0.10085325,0.0395532,-0.022680188
14527,0.075502306,0,-2.633343,-0.33824557,-0.2911835,-0.006470036,0.41073284,-0.07275232,-0.11287078,0.04478312,0.40861163
13039,0.5257856,1,-0.2935826,-0.12668282,0.40682003,-0.05535061,0.8744699,0.10525328,-0.23377067,0.025771001,-0.6853417
17310,0.80522865,1,0.5975781,-0.07589733,0.027189476,-0.029232746,0.50522196,0.25890875,0.15654057,-0.052984674,-0.053672355
13660,0.68669933,1,0.44855204,0.42305896,0.14952809,-0.21972592,-1.3146651,0.027903128,-0.22922581,0.047324225,1.3663357
13527,0.2851471,0,-0.97947824,-0.32904723,-0.11701817,0.083587185,0.72725564,0.034643322,-0.03321492,-0.14386989,-0.24757735
16662,0.991922,1,4.418463,0.70066893,0.36094603,-0.05550266,-0.79495865,0.045185428,-0.030972078,0.07441488,0.006617618
16343,0.99410796,1,4.44517,0.4361703,0.22733419,-0.043782815,-0.4211073,0.12444111,0.18454756,0.08243854,0.0073779547
17324,0.123647496,0,-2.0418644,-0.1732666,-0.13348264,-0.029376384,0.6123425,-0.09714867,-0.048862267,-0.03269401,-0.099629246
13863,0.5321327,1,-0.25040033,-0.076028176,-0.00933273,-0.05424703,0.5276841,-0.0024857204,-0.0855666,0.024420891,-0.030984407
14386,0.005306001,0,2.1269763,0.42273927,0.3101138,-0.09202333,-7.895954,-0.06874368,-0.11959249,0.033945233,-0.03670251
12712,0.0502855,0,-2.4756172,-0.33879596,-0.10855226,-0.013301594,0.4301125,-0.12847501,-0.059252445,-0.19062854,-0.13958326
16835,0.26938942,0,-1.5313812,-0.09357301,0.016097093,0.0028098943,0.37331992,0.07270869,-0.117546625,0.030618032,0.16357675
17118,0.0069798725,0,2.0839918,0.4261122,0.11941098,0.06887979,-7.7694345,-0.061600614,0.039192993,0.06826304,-0.018182091
15923,0.0057762167,0,2.1114852,0.42207563,0.29041117,-0.031624448,-7.861703,-0.17634198,-0.028243953,0.058480754,-0.018399391
15560,0.4015841,0,0.34039313,0.71126086,0.3915166,-0.10622764,-1.6210706,-0.05074172,-0.04008718,0.049739264,-0.15930009
15122,0.14690821,0,-1.8738835,-0.31411278,-0.14576069,0.065639056,0.50923485,0.044379443,-0.0679104,-0.15743947,0.09514616
17642,0.70725584,1,0.20752689,-0.05310293,-0.11332829,0.078991115,0.7272657,0.07625711,-0.07760635,0.01808327,-0.067641184
13814,0.9639224,1,0.6944153,0.10091047,-0.014012455,0.0513341,0.44747242,0.17809342,0.1650481,0.080331005,1.4961001
17851,0.4988684,0,-0.63993686,-0.10213103,-0.06372459,0.016987303,0.55301297,0.03545377,-0.026215218,-0.12461782,0.26099697
15953,0.12622333,0,-2.112881,-0.25580943,-0.05690413,-0.062149294,0.393991,0.029631644,-0.09893826,0.13478105,0.007859206
15114,0.2263744,0,-0.10544322,-0.09151285,-0.08582252,-0.11288314,-0.94498456,-0.0013123918,0.12977928,0.009846071,-0.11221219
13937,0.8060025,1,0.424687,0.048881173,-0.025398673,0.018169463,-1.1385368,0.15354973,0.19525658,0.025852982,1.6361326
14367,0.009261847,0,2.0924807,-0.034473155,-0.032162286,0.0040877573,-7.326737,0.14567986,0.36859047,0.09223905,-0.06790078
12599,0.36017895,0,-1.0998082,-0.09458193,-0.09262151,0.023933854,0.4657982,-0.051088054,0.218606,0.082548186,-0.11302144
13629,0.12922783,0,-1.8658192,-0.66247195,-0.21116112,-0.026254848,0.6090234,0.11378609,0.16459614,0.050320774,-0.16547137
13124,0.26270935,0,0.34681618,-0.13895239,-0.1578569,-0.050622154,-1.5963156,0.15380478,0.47617468,-0.07009186,-0.08053946
16042,0.13422205,0,-1.147072,-0.13812071,-0.10913401,0.066359244,-0.5380786,0.017680565,-0.09079784,0.016705304,-0.027323654
17976,0.006829554,0,2.1256049,0.24998899,0.33036375,-0.04118571,-7.7271023,0.05233319,-0.024773126,0.0018042182,-0.032321088
17039,0.9912354,1,3.9148755,-0.2337687,-0.09166957,-0.12514102,0.6568315,0.10483753,0.3592051,0.12013735,-0.06272333
14873,0.9961804,1,3.8797417,0.39082384,0.21472117,-0.007746175,0.74095047,0.11451175,0.056700017,0.07897238,0.009465842
16446,0.9931458,1,4.376777,0.80895144,0.32171017,-0.09405836,-0.3373423,-0.092794254,-0.11960048,-0.001627468,0.028353691
13423,0.9969848,1,4.4531727,0.6301092,0.23224182,0.17963263,-0.04797117,0.08404868,0.055782963,0.112361744,0.016023295
17036,0.9863274,1,4.211184,0.64098376,0.38891163,-0.05251093,-1.1649244,-0.012906926,-0.005435401,0.035386935,0.1522652
17169,0.959303,1,0.6696484,0.42879996,0.07470007,0.06252721,0.6404328,-0.016604805,-0.28175822,0.08188245,1.414778
12955,0.01010058,0,2.1088858,0.11287205,0.024439072,0.115594804,-7.47567,0.093781374,0.3367654,0.059988197,-0.047315653
17046,0.57727104,1,-0.23010235,-0.07514638,-0.08705358,0.1112244,0.5071933,0.04833648,0.05918877,0.038511336,-0.14621978
14481,0.5520049,1,-0.22411723,-0.13967364,-0.13194935,-0.02401586,0.8026957,0.18280235,-0.040107187,-0.19395484,-0.10855364
16293,0.10760497,0,-1.7164083,-0.29760835,-0.13759308,-0.025934935,0.440617,0.052369997,-0.07477422,-0.16763659,-0.27412206
16974,0.8535429,1,0.6385149,0.28424746,0.51106584,-0.07058837,0.5963435,0.03888266,-0.025373463,0.11596049,-0.41203842
17659,0.031283785,0,-1.0736909,-0.18721914,-0.074577615,-0.0906005,-2.0247326,-0.17998639,-0.16990769,0.020856071,0.26133794
16454,0.89729756,1,-0.38150045,0.8452731,0.28431606,-0.046990857,0.7945917,-0.2066845,-0.20934533,0.09062907,0.9116149
17215,0.9976173,1,4.262065,0.72402805,0.45670268,0.05836761,0.27691165,-0.00933563,0.024987169,0.123795755,0.03397628
14118,0.9942768,1,4.437844,0.2973726,0.36546117,-0.11830766,-0.2210067,0.21369123,0.024272267,0.082000926,-0.009475885
18106,0.38935336,0,-0.6739374,-0.06899622,-0.12025248,0.06880979,0.7428299,-0.026476206,-0.12509252,-0.20182462,-0.13073952
14077,0.32662287,0,0.3222086,0.56523967,0.13751492,-0.10285887,-1.4379662,-0.17955391,-0.16652937,0.11563853,-0.06284056
17531,0.33805943,0,-1.0815597,-0.10924189,-0.01657526,-0.05796645,0.5805055,-0.108108535,-0.04586022,0.09589096,-0.014686489
15358,0.028915655,0,-3.0078018,-0.48530263,-0.2247194,-0.025974933,0.34942594,0.038079027,-0.043715447,-0.36348823,0.16381909
15957,0.5321296,1,0.4563674,0.090735875,0.20775414,0.14042276,-0.71054476,0.08181895,-0.03431156,-0.07958599,-0.10960923
16228,0.064784296,0,-0.60045016,-0.16644832,-0.09073809,0.0045606345,-1.6315047,-0.054828152,-0.06368004,0.04340677,-0.19568112
16089,0.8467497,1,0.65220976,0.46294522,0.4084644,0.021335179,0.23618671,-0.08645208,-0.03078137,0.074698634,-0.11492194
17221,0.6335839,1,0.10972198,0.011483843,-0.10296663,-0.12876193,0.70993984,-0.02275477,-0.073179,-0.005564953,-0.035943534
15797,0.7561512,1,0.1525155,-0.23992842,-0.07869871,0.069252424,0.80917853,0.1479552,0.11112293,0.14997025,-0.075322755
12633,0.22398062,0,-0.6586913,-0.54918087,-0.21550068,-0.0879823,0.17097877,0.04892236,0.2927297,-0.2511325,-0.07841024
16556,0.026055131,0,-2.556377,-0.63520896,-0.37073746,-0.01625165,0.41960013,0.01798822,-0.042930324,-0.28945792,-0.23341513
16381,0.52260697,1,0.42107812,0.43418738,0.34696218,0.02657592,-0.9097786,-0.14117168,-0.0717343,-0.06005352,-0.041223668
18271,0.83747715,1,0.6910296,0.07657355,-0.06540204,0.0252627,0.87552387,0.12984866,-0.030828096,0.07971308,-0.2277939
18087,0.21272156,0,-2.0669932,-0.4718801,0.045249842,0.11336582,0.50557995,0.23379955,0.563227,0.1829914,-0.49958557
17865,0.03327756,0,-3.070035,-0.5141097,-0.15801717,0.16174525,0.36823657,0.14389789,0.09614725,-0.21111667,-0.2714259
14451,0.056458924,0,-2.255668,-0.375026,-0.11384114,-0.08871118,0.5740842,-0.10468741,-0.14361306,-0.23814979,-0.15616414
16060,0.5239241,1,0.041657053,0.123650596,0.09828029,-0.038548324,0.014561409,-0.07110629,-0.0782642,0.036509357,-0.11661826
12427,0.009407389,0,0.3588627,0.3718703,0.33612648,-0.04379075,-6.642222,-0.004449707,-0.05850168,0.009469263,0.93017864
15339,0.2181541,0,-1.6015942,-0.021717248,0.046233572,0.0671713,0.67956954,0.0464396,-0.08563031,-0.17883232,-0.3137443
16901,0.9967025,1,3.9612882,0.5529307,0.44862452,-0.054101434,0.59521043,0.021098759,-0.0056478987,0.071077585,0.035167318
17951,0.08613269,0,-0.59595925,-0.044635575,0.11201706,-0.039238058,-1.6259713,-0.093863785,-0.09156925,0.06529922,-0.1335248
14208,0.9950889,1,3.9843729,0.28014207,-0.013528455,-0.009512836,0.6373371,0.08747362,0.25840202,0.047326934,-0.046342324
17789,0.8979909,1,0.6335888,0.23491754,0.070039034,0.0562896,1.0404962,0.014743289,-0.020272953,0.11880641,-0.05915907
15448,0.83596903,1,0.6461566,-0.042392112,-0.12358971,0.037319545,0.912657,0.08230266,0.08283836,0.075438686,-0.12784298
16913,0.7591481,1,0.057150997,0.22941579,0.017073635,-0.01168159,0.9424622,-0.1054657,-0.04222054,0.034317654,-0.05868557
13007,0.9972536,1,3.9865944,0.6947274,0.51309675,-0.048023164,0.66583234,-0.049134877,-0.063937955,0.08567636,0.024213584
14872,0.59109807,1,-0.23817515,-0.088633895,-0.080788925,0.043408867,0.6730838,-0.05141291,0.008272503,0.064264864,-0.047160722
15306,0.3190224,0,-0.993951,-0.1854241,-0.21415135,-0.08795934,0.7652348,0.025427328,-0.07913565,0.009472501,-0.08342916
14157,0.41217983,0,-0.44086552,-0.058906548,-0.08418132,-0.031030498,0.85655576,-0.11398686,-0.14917232,0.057573244,-0.47659573
14126,0.99516594,1,4.346326,0.18015721,0.03215643,0.08107851,0.15408355,0.15720141,0.19784331,0.09914336,-0.006415951
14650,0.99730396,1,3.919952,0.71962804,0.44359046,-0.054779224,0.65149504,-0.015579145,0.028958887,0.10491106,0.0294642
16635,0.9936149,1,4.512093,0.14764944,0.13988997,0.15686688,-0.42751893,0.2943559,0.06295438,0.12044975,-0.04500149
13375,0.9933942,1,4.325255,-0.10599091,-0.08494716,-0.0069579743,0.15112844,0.13509789,0.4140613,0.11935441,-0.019471599
16405,0.0055865175,0,0.44053003,0.32260615,0.023909546,-0.013913062,-5.883784,-0.20054393,-0.14921582,0.026838642,0.16612494
16599,0.98679906,1,4.252136,0.664776,0.19772626,-0.053614166,-1.069489,-0.083646104,0.09362146,0.07396808,0.15305758
16838,0.6189377,1,-0.363542,-0.1277729,0.09979694,-0.06332373,0.9952943,-0.07100484,-0.09787343,0.032829113,-0.005009828
15271,0.046575706,0,-1.8977517,-0.29658622,-0.20148276,-0.13984433,-0.18805438,-0.12219391,-0.033020742,-0.26736483,0.041669086
17378,0.010505629,0,0.42115587,0.4419639,0.22944397,0.02959391,-5.7250376,-0.073994435,-0.15367533,-0.13547073,0.33508995
15186,0.52539974,1,0.12530045,-0.117567085,-0.14582124,-0.0631006,0.8856753,0.03702659,0.05671759,0.0536912,-0.81588423
16570,0.037180286,0,-2.5213382,-0.531665,-0.26608512,0.03406589,0.36217085,-0.03477955,-0.087507315,-0.08660994,-0.20798786
15800,0.5122157,1,-0.36089832,0.118016064,0.10292272,-0.13959081,0.5541446,-0.13198432,-0.09857164,-0.047881592,-0.0329326
17080,0.24262011,0,-1.0406132,-0.005026916,-0.08871123,0.07232886,0.26955074,-0.12777483,-0.30495983,0.05535771,-0.054167096
14866,0.12039668,0,-1.1639565,-0.56820184,-0.21549553,0.07824477,-0.6222401,0.078300014,-0.07869182,0.17712137,0.24059221
18148,0.9973967,1,3.8506184,0.74200195,0.49125823,-0.04636061,0.86629236,-0.13192077,-0.08648047,0.15954949,0.017762544
18197,0.9695077,1,0.6596473,0.46049273,0.084607564,0.1597839,0.70461935,-0.15824315,-0.07364723,0.14993808,1.3864678
13345,0.008596975,0,0.383125,0.19776605,0.1959402,-0.15062255,-6.326795,0.05260107,-0.20726004,0.08450261,0.9373831
14632,0.0063247643,0,2.1065848,0.4302526,0.32754138,-0.009174986,-7.9002542,-0.1105157,-0.041558564,0.08780876,-0.03326806
14812,0.9973031,1,3.9655368,0.704723,0.21929571,0.12354494,0.6799176,-0.015067172,0.048314456,0.08393042,0.017134082
15540,0.008163732,0,2.1194448,0.26250413,0.10221278,0.09537756,-7.7231636,0.10112404,0.11712414,0.07497899,-0.03510615
14992,0.99672264,1,4.3147793,0.6560066,0.2190479,0.11413905,0.041675758,0.07290245,0.086101234,0.102911055,0.0242321
17998,0.59568644,1,-0.22866137,0.13915494,-0.017489398,-0.045941368,0.5907286,0.0516696,-0.056739558,0.030664766,-0.16151041
12351,0.00665575,0,2.1321735,0.2552278,0.109221116,-0.0019528833,-7.764728,0.10325456,0.05929459,0.06703015,-0.050764162
13566,0.6443505,1,0.102514446,0.040542174,-0.0915342,-0.016187262,0.6988536,0.027594715,0.11946001,-0.2133893,-0.15920494
15301,0.16647801,0,-1.0566701,-0.41329724,-0.1466558,0.12684801,-0.5801991,0.20885295,0.15777093,-0.09535332,0.10225858
13963,0.07301629,0,-2.1475413,-0.30397752,-0.17703703,-0.058643598,0.33551428,0.07434232,-0.025604986,-0.16283196,-0.16112368
14825,0.038654428,0,-2.4458783,-0.5482413,-0.24274707,-0.07507753,0.4985738,-0.059877962,-0.048946828,-0.17701766,-0.20010814
12742,0.9753151,1,0.72840506,-0.04089822,-0.0752973,0.099407494,0.54394585,0.26924857,0.53864837,0.116457805,1.4110017
13358,0.007810621,0,2.0646527,0.20807506,0.22818492,-0.119863085,-7.6126757,0.119041644,0.092690825,0.12891741,-0.039100867
17241,0.23195462,0,-1.7952952,-0.2990933,0.018459272,0.059281137,0.8996743,0.020740557,-0.31396395,-0.049346834,0.17658852
17672,0.24108545,0,-0.9777335,-0.60591865,-0.12380551,0.03447471,0.70392996,0.11121484,0.04235726,-0.29038975,-0.12651604
13944,0.99700445,1,3.8701456,0.683642,0.17521456,0.042352475,0.77207047,0.008166911,0.080437675,0.08160968,0.008338285
13627,0.55962735,1,-0.2946536,-0.09346309,-0.08615395,0.05432351,0.678633,-0.031261247,-0.06877511,0.008928,-0.0135762
14325,0.99663615,1,3.9611144,0.53334004,0.002821721,0.09302419,0.6958824,0.061773915,0.13830878,0.113811,0.005603253
17657,0.99573874,1,4.4469476,0.68923336,0.37645704,0.17399666,-0.17220408,-0.13793264,-0.08546749,0.07170422,0.005538206
15884,0.96097565,1,0.70763993,0.35463458,0.0070937406,0.09247493,0.6728853,-0.080844395,-0.087028444,0.1222568,1.3290021
17342,0.32564595,0,-0.94188994,-0.13423479,-0.0996463,-0.011701874,0.7202252,-0.14032732,-0.32619634,0.056100212,0.06407844
14211,0.09328455,0,-2.2192848,-0.35110995,-0.10093921,0.06409339,0.47684044,0.11869938,-0.07761474,-0.10503765,-0.1654698
13438,0.9970958,1,3.9273033,0.8591418,0.37702817,-0.058119584,0.67810446,0.0033782807,-0.14163752,0.05041999,0.057432048
17198,0.003496982,0,0.27988034,0.054631956,0.114730544,0.0030203382,-6.061595,0.05590891,-0.055850487,0.07425754,-0.20298268
16168,0.010927011,0,-2.9918656,-0.605615,-0.3349095,0.016050283,0.2751141,0.0069116913,-0.3983967,-0.31480885,-0.2436573
14844,0.18834823,0,-1.0349132,-0.5051536,-0.25439903,-0.092604145,0.49578837,0.16493264,-0.016527968,-0.06777647,-0.23577353
12502,0.0039322404,0,0.34502923,-0.078105636,-0.067536704,-0.09379339,-5.9521146,0.21620692,0.065153815,0.016557232,-0.071649745
18116,0.032002915,0,-1.517845,-0.12908673,-0.0826252,-0.17147139,-0.8802036,-0.14048475,-0.16157301,-0.3414763,-0.07028565
17093,0.99735767,1,3.9821804,0.54005045,0.44925064,0.03586458,0.6358935,0.031638216,0.062733814,0.09419594,0.016015857
15601,0.015674805,0,-3.1786225,-0.5818115,-0.16072497,-0.09077179,0.36585116,0.087727994,-0.04607372,-0.3848375,-0.23628674
16059,0.23672818,0,-1.0246398,-0.1856793,-0.07237032,-0.12830006,0.4202271,0.00691619,-0.025109403,-0.09688279,-0.15051128
12747,0.024680898,0,-2.9555793,-0.5728001,-0.18672846,-0.027743109,0.38674706,0.01625458,-0.34097564,0.0796434,-0.16120267
14551,0.34275025,0,-0.98766017,0.010525159,-0.064867646,0.11392891,0.7998158,-0.119661726,-0.16312857,0.054905154,-0.38056684
13714,0.9970451,1,4.2375116,0.78936815,0.4557579,-0.022639899,0.24761987,-0.072354764,-0.04629798,0.10960848,0.03713165
16769,0.69876057,1,-0.20139366,-0.09654986,0.3766768,-0.0512048,0.65256304,0.10141489,-0.05313325,0.10098202,-0.07360051
12931,0.07976498,0,-2.9390543,-0.4741652,-0.14871162,0.070240915,0.33718646,0.21396239,0.4917998,0.08820617,-0.17065725
12460,0.9957776,1,4.2250743,0.44241995,0.22984308,-0.050424594,0.17157735,0.11878758,0.13622595,0.08032732,0.02363924
13359,0.7465644,1,0.43360257,0.13393974,0.19348855,-0.28382766,-1.1809349,0.20360275,0.034057073,0.06932066,1.391475
15135,0.99733573,1,3.9759948,0.7134472,0.5228676,-0.0665309,0.698418,-0.09255018,-0.03657013,0.0897534,0.034706604
15734,0.8292535,1,0.61820793,-0.015825288,0.24550013,-0.12999913,0.51928264,0.33105287,-0.09420773,0.0906251,-0.06993902
17245,0.99769884,1,3.9128175,0.6979925,0.13392374,-0.0040838015,0.80316794,0.037054386,0.2631748,0.13608697,0.0062754164
15848,0.9977254,1,3.9217446,0.7208353,0.44753423,0.106775135,0.7205709,-0.06307478,0.034014784,0.0793689,0.030286826
16023,0.0066715693,0,2.132924,0.38558626,0.33684042,-0.038396925,-7.854919,0.0074217096,-0.09245005,0.059418928,-0.025277099
18128,0.9959539,1,3.982518,0.26221338,0.15843782,0.07064378,0.5525231,0.15256932,0.17790855,0.06542005,-0.0019383775
16188,0.83466387,1,0.48105705,0.7145825,0.30770633,-0.11716801,-1.0347941,-0.19147241,-0.045579914,0.11926952,1.299799
15529,0.038723733,0,-0.94713926,-0.22034077,-0.20382881,0.122881114,-1.4567808,0.041977756,0.05642626,-0.39986214,-0.2907913
14310,0.9957664,1,4.462717,0.12768157,0.1409382,0.03414257,-0.043260854,0.31402284,0.24147965,0.10672546,-0.009618155
13975,0.08577253,0,-1.7636949,-0.5545443,-0.23569453,-0.055423442,0.6035568,0.06395656,-0.037226573,-0.2993815,-0.17357816
16298,0.14658213,0,-0.9310964,0.12289215,0.27850914,-0.037674014,-0.8931754,-0.064560786,-0.24106112,-0.011288306,-0.06985729
16130,0.6977858,1,-0.2502139,-0.13722529,0.3946156,-0.012201548,0.6815917,0.09606047,-0.03601746,0.0057144286,0.008804042
14908,0.996761,1,4.230464,0.77558047,0.44973475,0.008861932,0.23761208,-0.06465196,-0.060473714,0.041578628,0.024888327
16886,0.9452119,1,0.8108064,0.8556092,0.33641466,-0.10158768,0.14244798,-0.35477847,-0.2622668,0.1435292,1.1921132
14294,0.99441105,1,4.452472,0.41870886,0.16493489,-0.0007167279,-0.36143833,0.14774323,0.15193327,0.11311485,0.008956777
13564,0.032167785,0,-2.9839742,-0.52396995,-0.18350293,0.06740233,0.35915753,-0.002703393,0.056402672,-0.06827033,-0.210284
17568,0.99509144,1,3.870506,0.33067062,0.1727488,0.056043312,0.6234604,0.12803638,0.07002244,0.0021964868,-0.02747716
12400,0.9950558,1,4.462847,0.621809,0.36774394,-0.021345455,-0.27394605,0.033271853,-0.045611028,0.069116935,0.005048478
17433,0.98645896,1,4.265694,0.4206862,0.3811822,-0.061070133,-1.0847298,0.08629301,-0.007739272,0.06022674,0.14220798
16781,0.760785,1,0.12612027,0.09469212,0.20584662,-0.022142638,0.8664497,0.01209571,-0.1542019,0.057016224,-0.11453658
15044,0.02538188,0,-2.9357603,-0.53064936,-0.3387901,-0.005579937,0.56368166,0.040208537,0.011575959,-0.37495428,-0.1633908
14685,0.08875563,0,-2.0076218,-0.5442848,-0.19108331,0.1594709,0.45553914,0.038873818,-0.0580453,-0.23600008,-0.031422008
17212,0.81797343,1,0.7639922,0.1950918,-0.057075504,0.17179468,0.19974422,0.07572933,0.10239362,0.0666641,-0.101305485
14205,0.17969285,0,-1.7466156,-0.22879246,-0.13949808,-0.02692676,0.68236536,-0.122446075,-0.034990158,0.029265705,-0.016440522
17794,0.96995777,1,0.698823,0.69545865,0.4223602,-0.012186988,1.0273753,-0.011754226,0.015976148,0.15547061,0.3974787
13276,0.59732646,1,-0.3942373,-0.045667827,-0.09688488,0.102974676,0.8141663,0.043646574,-0.08862155,-0.15241638,0.12572972
17567,0.11976789,0,-0.59988564,-0.22426167,-0.21278945,-0.11353661,-0.8817748,0.01581588,0.10189095,-0.0048283837,-0.16090809
15028,0.06805958,0,-0.21234751,0.034310944,-0.19901258,-0.16789046,-1.6343436,-0.16572858,-0.1384631,0.0825134,-0.3015731
14600,0.21894166,0,0.33610705,-0.0883541,-0.09442998,-0.07098076,-1.4619765,0.2310116,0.053861443,0.030715847,-0.2934471
14083,0.3704324,0,-0.69776726,0.18057977,0.09783428,0.09190655,0.83982027,0.033397928,-0.3717236,-0.019983053,-0.7700753
16515,0.27312958,0,-0.71149033,-0.20693432,-0.0783203,-0.090151064,0.39878422,0.0070426757,-0.0191711,-0.23996758,-0.12424193
17464,0.66995364,1,0.08876008,0.104136795,-0.13201545,-0.05604066,0.586044,-0.10861958,-0.08496768,0.11294183,0.11208795
14896,0.11468112,0,-1.7278378,-0.08996005,-0.03682591,-0.109373756,0.54826605,-0.136734,-0.13988584,-0.19260658,-0.24448232
16149,0.9947976,1,4.426086,0.6320087,0.26136336,-0.14865533,-0.08248515,-0.116452634,0.10162317,0.10119113,-0.006895508
12395,0.09046402,0,-1.8520316,-0.4175238,-0.2624065,-0.03228008,0.4728912,0.03868794,-0.00042906275,-0.16078629,-0.1797535
14155,0.005921973,0,2.0645144,0.4313389,0.344748,-0.06457978,-7.8910923,-0.07668185,-0.030073117,0.040109687,-0.027075047
18100,0.99678564,1,3.9622793,0.32039008,-0.097459465,0.12580784,0.6864556,0.16089174,0.3904612,0.1350141,-0.03257549
13785,0.3292712,0,-0.40674004,0.116611905,0.16749537,-0.03686638,-0.40804088,-0.121986784,-0.04817464,0.03312399,-0.092553526
18021,0.8099503,1,0.6638673,0.7020745,0.11240188,0.011004485,0.2320747,-0.2374504,-0.15748146,0.11578436,-0.07823651
13964,0.2780841,0,-0.120787576,0.30738342,0.030054564,-0.01065482,-0.8827046,-0.19407126,-0.073982954,0.032579284,-0.12744898
18182,0.9963832,1,4.237804,0.4464012,0.18814662,0.11011037,0.25652888,0.069462046,0.12248697,0.07562609,0.026334744
12744,0.27551278,0,-0.36407354,-0.52631384,-0.22978863,-0.09319974,0.509348,-0.114592746,0.20504032,-0.3745837,-0.06431489
14818,0.67648345,1,0.07078618,0.046697244,0.06445974,0.009595727,0.90251696,-0.19292578,-0.07146797,0.048200425,-0.22585267
18077,0.15312491,0,-1.8325242,-0.1609141,-0.20211443,-0.048226852,0.48386502,0.008111824,0.1662229,-0.06936701,-0.14099969
14639,0.3699634,0,-0.9859396,-0.3416535,-0.13169068,0.025990572,0.8621267,0.18398708,0.11660593,-0.21852079,-0.12892725
13387,0.99552983,1,4.403264,0.6201543,0.3454223,0.15332335,-0.14918128,-0.041345242,0.02161137,-0.040257327,0.007221709
16791,0.08077543,0,-2.0680816,-0.30392915,-0.1800145,0.032306414,0.45061517,0.016828228,-0.02639347,-0.23598287,-0.20285468
17143,0.73189574,1,0.622284,-0.03740623,-0.050215848,-0.04156695,0.30216652,0.2526688,0.0018787702,-0.0484525,-0.0827417
12880,0.8438451,1,0.6370626,0.065285824,0.25565845,-0.026732337,0.6214394,0.1416447,0.02761506,0.09316076,-0.21366207
17126,0.11139473,0,-1.1125664,-0.12678637,-0.084066436,-0.11588003,-0.4449416,-0.020593077,-0.056727424,-0.24216121,0.041501142
16676,0.2822908,0,-0.10480722,-0.07423028,-0.014739454,-0.14106777,-0.93547547,0.19349118,0.0560846,0.047406644,-0.045437325
17068,0.026330018,0,-2.8074162,-0.59638834,-0.20420249,-0.047512934,0.5509014,-0.117846906,-0.13113593,-0.27808034,-0.064328924
16385,0.6420058,1,0.065639004,0.05294525,0.26804507,0.028894216,0.6564315,-0.15746576,-0.123030014,0.024675546,-0.31770262
18211,0.0054654162,0,2.0893726,0.41929686,0.33229172,-0.032062687,-7.898303,-0.09980974,-0.09664441,0.032532163,-0.036153685
13573,0.37112072,0,-0.31283537,0.030440785,-0.051376004,-0.11464765,0.6956478,0.06999725,-0.15929046,0.05702796,-0.8280242
14045,0.0996486,0,-2.2499752,-0.6803022,-0.24773087,-0.019836988,0.59815365,0.19486445,0.086500905,0.1737482,-0.14220619
15781,0.006682401,0,2.0768824,0.4316343,0.29213855,0.016221365,-7.856998,-0.023690276,-0.036526076,0.04832344,-0.03520482
15997,0.997733,1,3.8978176,0.8954237,0.40460435,0.07604504,0.7223599,-0.053920157,-0.09387667,0.102286525,0.050668996
17285,0.86525434,1,0.648067,0.21468006,0.22461767,-0.0045216754,1.0458548,-0.0080927545,-0.26118508,0.06973001,-0.15516464
13740,0.5287095,1,-0.25087795,-0.114492625,-0.08037444,-0.04538713,0.60981244,0.0033524258,-0.049288664,0.0412772,-0.08470509
16344,0.79192126,1,0.15668496,0.048494037,-0.109529205,0.042203464,0.82381326,0.05672709,0.21969153,0.0751309,-0.062318902
16522,0.79322684,1,0.7301167,0.26352337,0.15894966,-0.047364432,-0.07443653,0.1234031,0.009274819,0.07869364,0.016678518
17579,0.9967513,1,3.982695,0.4839028,0.44898,-0.03429437,0.6149493,0.03744016,0.04241184,0.048660204,0.015864728
16847,0.9963289,1,3.8975272,0.2879317,0.22281313,0.006628833,0.6338338,0.19767852,0.1897107,0.082828335,-0.001027571
17769,0.06921459,0,-2.015632,-0.5725114,-0.2069668,0.032761503,0.6092791,0.03404311,0.00045860885,-0.4334652,-0.13243349
14590,0.057552688,0,-2.8136942,-0.35628062,0.006677621,0.016444335,0.4056703,-0.08018508,-0.033876054,-0.094123214,0.067939185
17432,0.23819639,0,-1.0365049,-0.056726284,-0.06637855,-0.071882434,0.5166201,-0.1429053,-0.0173785,-0.18111697,-0.1919685
17557,0.99577385,1,3.9276981,0.75938237,0.31241333,-0.0894049,0.58124167,-0.013500273,-0.14425012,0.005624487,0.037367932
15144,0.07233758,0,-2.1116588,-0.599811,-0.22326568,0.24343932,0.4160587,0.034838397,-0.040473796,-0.17667933,-0.17942141
17539,0.43395883,0,-0.3601801,-0.043569054,-0.11196381,-0.020864502,0.60002065,-0.02625092,-0.04849817,-0.24533366,-0.09472612
15926,0.9961688,1,3.9141471,0.7305904,0.11628402,-0.01867724,0.67477405,-0.13652334,0.06857665,0.09458943,0.031345703
13772,0.38468412,0,-0.6826705,-0.18754545,-0.07407584,0.07226112,0.8077998,-0.002382238,-0.01945852,-0.34881836,-0.120470755
15941,0.9643716,1,0.67912287,0.470261,0.42109606,-0.14011495,0.9043544,-0.052016936,-0.32076353,0.14897633,1.1017704
13512,0.5946939,1,-0.28227323,0.04698228,0.003175873,0.01189786,0.55235827,-0.049955152,-0.06407234,0.14490467,-0.065262154
17066,0.99617827,1,3.9560633,0.46282998,0.40953812,-0.0475911,0.55154204,0.04959452,-0.0025601843,0.085698955,0.012468906
16973,0.98585016,1,4.2418175,0.7071184,0.32692412,0.11481535,-1.1181701,-0.1840326,-0.11914331,0.05046405,0.1383622
12771,0.97734535,1,0.83414936,0.63331896,0.46039948,-0.058769636,0.33615965,0.032191366,-0.03797263,0.06084711,1.4185021
14750,0.99569976,1,3.9907787,0.65097874,0.48196,-0.07524218,0.55556554,-0.15847644,-0.21863179,0.1486516,-0.016453156
15899,0.0053554825,0,2.082158,0.41505307,0.2912009,-0.071505286,-7.8932137,-0.103065774,-0.055665966,0.039506122,-0.014378054
